log_path,model,base_key,seed,init_seed,se,smape,domain
../results/pems_eval/pems_testing_high_l0_d32_e10_mLLAMA3.2_n1b_f1_t100_c100_r1_seq512_pred96_seed1_init11.txt,Random Init,pems_testing_high_l0_d32_e10_mLLAMA3.2_n1b_f1_t100_c100_seq512_pred96,1,11,0.61165,0.51747,pems_eval
../results/pems_eval/pems_testing_medium_l0_d32_e10_mLLAMA3.2_n1b_f1_t100_c100_r0_seq512_pred96_seed1_init11.txt,Language Pretrained,pems_testing_medium_l0_d32_e10_mLLAMA3.2_n1b_f1_t100_c100_seq512_pred96,1,11,0.53666,0.41082,pems_eval
../results/pems_eval/pems_testing_low_l0_d32_e10_mLLAMA3.2_n1b_f1_t100_c100_r1_seq512_pred96_seed1_init11.txt,Random Init,pems_testing_low_l0_d32_e10_mLLAMA3.2_n1b_f1_t100_c100_seq512_pred96,1,11,0.45244,0.40855,pems_eval
../results/pems_eval/pems_testing_medium_l0_d32_e10_mLLAMA3.2_n1b_f1_t100_c100_r0_seq512_pred96_seed2_init11.txt,Language Pretrained,pems_testing_medium_l0_d32_e10_mLLAMA3.2_n1b_f1_t100_c100_seq512_pred96,2,11,0.53666,0.41811,pems_eval
../results/pems_eval/pems_testing_high_l0_d32_e10_mLLAMA3.2_n1b_f1_t100_c100_r1_seq512_pred96_seed1_init12.txt,Random Init,pems_testing_high_l0_d32_e10_mLLAMA3.2_n1b_f1_t100_c100_seq512_pred96,1,12,0.61165,0.5194,pems_eval
../results/pems_eval/pems_testing_low_l0_d32_e10_mLLAMA3.2_n1b_f1_t100_c100_r1_seq512_pred96_seed1_init12.txt,Random Init,pems_testing_low_l0_d32_e10_mLLAMA3.2_n1b_f1_t100_c100_seq512_pred96,1,12,0.45244,0.4121,pems_eval
../results/pems_eval/pems_testing_medium_l0_d32_e10_mLLAMA3.2_n1b_f1_t100_c100_r0_seq512_pred96_seed3_init11.txt,Language Pretrained,pems_testing_medium_l0_d32_e10_mLLAMA3.2_n1b_f1_t100_c100_seq512_pred96,3,11,0.53666,0.41996,pems_eval
../results/pems_eval/pems_testing_high_l0_d32_e10_mLLAMA3.2_n1b_f1_t100_c100_r1_seq512_pred96_seed1_init13.txt,Random Init,pems_testing_high_l0_d32_e10_mLLAMA3.2_n1b_f1_t100_c100_seq512_pred96,1,13,0.61165,0.51467,pems_eval
../results/pems_eval/pems_testing_low_l0_d32_e10_mLLAMA3.2_n1b_f1_t100_c100_r1_seq512_pred96_seed1_init13.txt,Random Init,pems_testing_low_l0_d32_e10_mLLAMA3.2_n1b_f1_t100_c100_seq512_pred96,1,13,0.45244,0.40757,pems_eval
../results/pems_eval/pems_testing_high_l0_d32_e10_mLLAMA3.2_n1b_f1_t100_c100_r1_seq512_pred96_seed2_init11.txt,Random Init,pems_testing_high_l0_d32_e10_mLLAMA3.2_n1b_f1_t100_c100_seq512_pred96,2,11,0.61165,0.51676,pems_eval
../results/pems_eval/pems_testing_low_l0_d32_e10_mLLAMA3.2_n1b_f1_t100_c100_r1_seq512_pred96_seed2_init11.txt,Random Init,pems_testing_low_l0_d32_e10_mLLAMA3.2_n1b_f1_t100_c100_seq512_pred96,2,11,0.45244,0.42104,pems_eval
../results/pems_eval/pems_testing_high_l0_d32_e10_mLLAMA3.2_n1b_f1_t100_c100_r1_seq512_pred96_seed2_init12.txt,Random Init,pems_testing_high_l0_d32_e10_mLLAMA3.2_n1b_f1_t100_c100_seq512_pred96,2,12,0.61165,0.51706,pems_eval
../results/pems_eval/pems_testing_low_l0_d32_e10_mLLAMA3.2_n1b_f1_t100_c100_r1_seq512_pred96_seed2_init12.txt,Random Init,pems_testing_low_l0_d32_e10_mLLAMA3.2_n1b_f1_t100_c100_seq512_pred96,2,12,0.45244,0.41,pems_eval
../results/pems_eval/pems_testing_high_l0_d32_e10_mLLAMA3.2_n1b_f1_t100_c100_r1_seq512_pred96_seed2_init13.txt,Random Init,pems_testing_high_l0_d32_e10_mLLAMA3.2_n1b_f1_t100_c100_seq512_pred96,2,13,0.61165,0.51875,pems_eval
../results/pems_eval/pems_testing_low_l0_d32_e10_mLLAMA3.2_n1b_f1_t100_c100_r1_seq512_pred96_seed2_init13.txt,Random Init,pems_testing_low_l0_d32_e10_mLLAMA3.2_n1b_f1_t100_c100_seq512_pred96,2,13,0.45244,0.42247,pems_eval
../results/pems_eval/pems_testing_high_l0_d32_e10_mLLAMA3.2_n1b_f1_t100_c100_r1_seq512_pred96_seed3_init11.txt,Random Init,pems_testing_high_l0_d32_e10_mLLAMA3.2_n1b_f1_t100_c100_seq512_pred96,3,11,0.61165,0.52115,pems_eval
../results/pems_eval/pems_testing_low_l0_d32_e10_mLLAMA3.2_n1b_f1_t100_c100_r1_seq512_pred96_seed3_init11.txt,Random Init,pems_testing_low_l0_d32_e10_mLLAMA3.2_n1b_f1_t100_c100_seq512_pred96,3,11,0.45244,0.41354,pems_eval
../results/pems_eval/pems_testing_high_l0_d32_e10_mLLAMA3.2_n1b_f1_t100_c100_r1_seq512_pred96_seed3_init12.txt,Random Init,pems_testing_high_l0_d32_e10_mLLAMA3.2_n1b_f1_t100_c100_seq512_pred96,3,12,0.61165,0.52292,pems_eval
../results/pems_eval/pems_testing_low_l0_d32_e10_mLLAMA3.2_n1b_f1_t100_c100_r1_seq512_pred96_seed3_init12.txt,Random Init,pems_testing_low_l0_d32_e10_mLLAMA3.2_n1b_f1_t100_c100_seq512_pred96,3,12,0.45244,0.41303,pems_eval
../results/pems_eval/pems_testing_high_l0_d32_e10_mLLAMA3.2_n1b_f1_t100_c100_r1_seq512_pred96_seed3_init13.txt,Random Init,pems_testing_high_l0_d32_e10_mLLAMA3.2_n1b_f1_t100_c100_seq512_pred96,3,13,0.61165,0.51724,pems_eval
../results/pems_eval/pems_testing_low_l0_d32_e10_mLLAMA3.2_n1b_f1_t100_c100_r1_seq512_pred96_seed3_init13.txt,Random Init,pems_testing_low_l0_d32_e10_mLLAMA3.2_n1b_f1_t100_c100_seq512_pred96,3,13,0.45244,0.41622,pems_eval
../results/pems_eval/pems_testing_high_l0_d32_e10_mLLAMA3.2_n1b_f1_t100_c100_r0_seq512_pred96_seed1_init11.txt,Language Pretrained,pems_testing_high_l0_d32_e10_mLLAMA3.2_n1b_f1_t100_c100_seq512_pred96,1,11,0.61165,0.5275,pems_eval
../results/pems_eval/pems_testing_high_l0_d32_e10_mLLAMA3.2_n1b_f1_t100_c100_r0_seq512_pred96_seed2_init11.txt,Language Pretrained,pems_testing_high_l0_d32_e10_mLLAMA3.2_n1b_f1_t100_c100_seq512_pred96,2,11,0.61165,0.52642,pems_eval
../results/pems_eval/pems_testing_high_l0_d32_e10_mLLAMA3.2_n1b_f1_t100_c100_r0_seq512_pred96_seed3_init11.txt,Language Pretrained,pems_testing_high_l0_d32_e10_mLLAMA3.2_n1b_f1_t100_c100_seq512_pred96,3,11,0.61165,0.52586,pems_eval
../results/pems_eval/pems_testing_low_l0_d32_e10_mLLAMA3.2_n1b_f1_t100_c100_r0_seq512_pred96_seed1_init11.txt,Language Pretrained,pems_testing_low_l0_d32_e10_mLLAMA3.2_n1b_f1_t100_c100_seq512_pred96,1,11,0.45244,0.41034,pems_eval
../results/pems_eval/pems_testing_low_l0_d32_e10_mLLAMA3.2_n1b_f1_t100_c100_r0_seq512_pred96_seed2_init11.txt,Language Pretrained,pems_testing_low_l0_d32_e10_mLLAMA3.2_n1b_f1_t100_c100_seq512_pred96,2,11,0.45244,0.4243,pems_eval
../results/pems_eval/pems_testing_medium_l0_d32_e10_mLLAMA3.2_n1b_f1_t100_c100_r1_seq512_pred96_seed1_init11.txt,Random Init,pems_testing_medium_l0_d32_e10_mLLAMA3.2_n1b_f1_t100_c100_seq512_pred96,1,11,0.53666,0.44216,pems_eval
../results/pems_eval/pems_testing_low_l0_d32_e10_mLLAMA3.2_n1b_f1_t100_c100_r0_seq512_pred96_seed3_init11.txt,Language Pretrained,pems_testing_low_l0_d32_e10_mLLAMA3.2_n1b_f1_t100_c100_seq512_pred96,3,11,0.45244,0.41399,pems_eval
../results/pems_eval/pems_testing_medium_l0_d32_e10_mLLAMA3.2_n1b_f1_t100_c100_r1_seq512_pred96_seed1_init12.txt,Random Init,pems_testing_medium_l0_d32_e10_mLLAMA3.2_n1b_f1_t100_c100_seq512_pred96,1,12,0.53666,0.44533,pems_eval
../results/pems_eval/pems_testing_medium_l0_d32_e10_mLLAMA3.2_n1b_f1_t100_c100_r1_seq512_pred96_seed1_init13.txt,Random Init,pems_testing_medium_l0_d32_e10_mLLAMA3.2_n1b_f1_t100_c100_seq512_pred96,1,13,0.53666,0.44159,pems_eval
../results/pems_eval/pems_testing_medium_l0_d32_e10_mLLAMA3.2_n1b_f1_t100_c100_r1_seq512_pred96_seed2_init11.txt,Random Init,pems_testing_medium_l0_d32_e10_mLLAMA3.2_n1b_f1_t100_c100_seq512_pred96,2,11,0.53666,0.45645,pems_eval
../results/pems_eval/pems_testing_medium_l0_d32_e10_mLLAMA3.2_n1b_f1_t100_c100_r1_seq512_pred96_seed2_init12.txt,Random Init,pems_testing_medium_l0_d32_e10_mLLAMA3.2_n1b_f1_t100_c100_seq512_pred96,2,12,0.53666,0.47122,pems_eval
../results/pems_eval/pems_testing_medium_l0_d32_e10_mLLAMA3.2_n1b_f1_t100_c100_r1_seq512_pred96_seed2_init13.txt,Random Init,pems_testing_medium_l0_d32_e10_mLLAMA3.2_n1b_f1_t100_c100_seq512_pred96,2,13,0.53666,0.44123,pems_eval
../results/pems_eval/pems_testing_medium_l0_d32_e10_mLLAMA3.2_n1b_f1_t100_c100_r1_seq512_pred96_seed3_init11.txt,Random Init,pems_testing_medium_l0_d32_e10_mLLAMA3.2_n1b_f1_t100_c100_seq512_pred96,3,11,0.53666,0.45389,pems_eval
../results/pems_eval/pems_testing_medium_l0_d32_e10_mLLAMA3.2_n1b_f1_t100_c100_r1_seq512_pred96_seed3_init12.txt,Random Init,pems_testing_medium_l0_d32_e10_mLLAMA3.2_n1b_f1_t100_c100_seq512_pred96,3,12,0.53666,0.43717,pems_eval
../results/pems_eval/pems_testing_medium_l0_d32_e10_mLLAMA3.2_n1b_f1_t100_c100_r1_seq512_pred96_seed3_init13.txt,Random Init,pems_testing_medium_l0_d32_e10_mLLAMA3.2_n1b_f1_t100_c100_seq512_pred96,3,13,0.53666,0.44587,pems_eval
../results/fitbit_eval/test_fitbit_hr_low_heldout_l0_d32_e10_mLLAMA3.2_n1b_f1_t100_c100_r1_seq512_pred96_seed1_initseed11.txt,Random Init,test_fitbit_hr_low_heldout_l0_d32_e10_mLLAMA3.2_n1b_f1_t100_c100_seq512_pred96_initseed11,1,,0.44255,0.74505,fitbit_eval
../results/fitbit_eval/test_fitbit_hr_low_heldout_l0_d32_e10_mLLAMA3.2_n1b_f1_t100_c100_r1_seq512_pred96_seed1_initseed12.txt,Random Init,test_fitbit_hr_low_heldout_l0_d32_e10_mLLAMA3.2_n1b_f1_t100_c100_seq512_pred96_initseed12,1,,0.44255,0.71233,fitbit_eval
../results/fitbit_eval/test_fitbit_hr_low_heldout_l0_d32_e10_mLLAMA3.2_n1b_f1_t100_c100_r1_seq512_pred96_seed1_initseed13.txt,Random Init,test_fitbit_hr_low_heldout_l0_d32_e10_mLLAMA3.2_n1b_f1_t100_c100_seq512_pred96_initseed13,1,,0.44255,0.70598,fitbit_eval
../results/fitbit_eval/test_fitbit_hr_low_heldout_l0_d32_e10_mLLAMA3.2_n1b_f1_t100_c100_r1_seq512_pred96_seed2_initseed11.txt,Random Init,test_fitbit_hr_low_heldout_l0_d32_e10_mLLAMA3.2_n1b_f1_t100_c100_seq512_pred96_initseed11,2,,0.44255,0.73275,fitbit_eval
../results/fitbit_eval/test_fitbit_hr_low_heldout_l0_d32_e10_mLLAMA3.2_n1b_f1_t100_c100_r1_seq512_pred96_seed2_initseed12.txt,Random Init,test_fitbit_hr_low_heldout_l0_d32_e10_mLLAMA3.2_n1b_f1_t100_c100_seq512_pred96_initseed12,2,,0.44255,0.70735,fitbit_eval
../results/fitbit_eval/test_fitbit_hr_low_heldout_l0_d32_e10_mLLAMA3.2_n1b_f1_t100_c100_r1_seq512_pred96_seed2_initseed13.txt,Random Init,test_fitbit_hr_low_heldout_l0_d32_e10_mLLAMA3.2_n1b_f1_t100_c100_seq512_pred96_initseed13,2,,0.44255,0.73474,fitbit_eval
../results/fitbit_eval/test_fitbit_hr_low_heldout_l0_d32_e10_mLLAMA3.2_n1b_f1_t100_c100_r1_seq512_pred96_seed3_initseed11.txt,Random Init,test_fitbit_hr_low_heldout_l0_d32_e10_mLLAMA3.2_n1b_f1_t100_c100_seq512_pred96_initseed11,3,,0.44255,0.71129,fitbit_eval
../results/fitbit_eval/test_fitbit_hr_low_heldout_l0_d32_e10_mLLAMA3.2_n1b_f1_t100_c100_r1_seq512_pred96_seed3_initseed12.txt,Random Init,test_fitbit_hr_low_heldout_l0_d32_e10_mLLAMA3.2_n1b_f1_t100_c100_seq512_pred96_initseed12,3,,0.44255,0.72758,fitbit_eval
../results/fitbit_eval/test_fitbit_hr_low_heldout_l0_d32_e10_mLLAMA3.2_n1b_f1_t100_c100_r1_seq512_pred96_seed3_initseed13.txt,Random Init,test_fitbit_hr_low_heldout_l0_d32_e10_mLLAMA3.2_n1b_f1_t100_c100_seq512_pred96_initseed13,3,,0.44255,0.71997,fitbit_eval
../results/fitbit_eval/test_fitbit_hr_low_heldout_l0_d32_e10_mLLAMA3.2_n1b_f1_t100_c100_r0_seq512_pred96_seed1_initseed11.txt,Language Pretrained,test_fitbit_hr_low_heldout_l0_d32_e10_mLLAMA3.2_n1b_f1_t100_c100_seq512_pred96_initseed11,1,,0.44255,0.73659,fitbit_eval
../results/fitbit_eval/test_fitbit_hr_medium_heldout_l0_d32_e10_mLLAMA3.2_n1b_f1_t100_c100_r0_seq512_pred96_seed1_initseed11.txt,Language Pretrained,test_fitbit_hr_medium_heldout_l0_d32_e10_mLLAMA3.2_n1b_f1_t100_c100_seq512_pred96_initseed11,1,,0.35619,0.6448,fitbit_eval
../results/fitbit_eval/test_fitbit_hr_high_heldout_l0_d32_e10_mLLAMA3.2_n1b_f1_t100_c100_r0_seq512_pred96_seed1_initseed11.txt,Language Pretrained,test_fitbit_hr_high_heldout_l0_d32_e10_mLLAMA3.2_n1b_f1_t100_c100_seq512_pred96_initseed11,1,,0.49108,0.8379,fitbit_eval
../results/fitbit_eval/test_fitbit_hr_low_heldout_l0_d32_e10_mLLAMA3.2_n1b_f1_t100_c100_r0_seq512_pred96_seed2_initseed11.txt,Language Pretrained,test_fitbit_hr_low_heldout_l0_d32_e10_mLLAMA3.2_n1b_f1_t100_c100_seq512_pred96_initseed11,2,,0.44255,0.73363,fitbit_eval
../results/fitbit_eval/test_fitbit_hr_high_heldout_l0_d32_e10_mLLAMA3.2_n1b_f1_t100_c100_r0_seq512_pred96_seed2_initseed11.txt,Language Pretrained,test_fitbit_hr_high_heldout_l0_d32_e10_mLLAMA3.2_n1b_f1_t100_c100_seq512_pred96_initseed11,2,,0.49108,0.76373,fitbit_eval
../results/fitbit_eval/test_fitbit_hr_medium_heldout_l0_d32_e10_mLLAMA3.2_n1b_f1_t100_c100_r0_seq512_pred96_seed2_initseed11.txt,Language Pretrained,test_fitbit_hr_medium_heldout_l0_d32_e10_mLLAMA3.2_n1b_f1_t100_c100_seq512_pred96_initseed11,2,,0.35619,0.61774,fitbit_eval
../results/fitbit_eval/test_fitbit_hr_low_heldout_l0_d32_e10_mLLAMA3.2_n1b_f1_t100_c100_r0_seq512_pred96_seed3_initseed11.txt,Language Pretrained,test_fitbit_hr_low_heldout_l0_d32_e10_mLLAMA3.2_n1b_f1_t100_c100_seq512_pred96_initseed11,3,,0.44255,0.74324,fitbit_eval
../results/fitbit_eval/test_fitbit_hr_high_heldout_l0_d32_e10_mLLAMA3.2_n1b_f1_t100_c100_r0_seq512_pred96_seed3_initseed11.txt,Language Pretrained,test_fitbit_hr_high_heldout_l0_d32_e10_mLLAMA3.2_n1b_f1_t100_c100_seq512_pred96_initseed11,3,,0.49108,0.74427,fitbit_eval
../results/fitbit_eval/test_fitbit_hr_medium_heldout_l0_d32_e10_mLLAMA3.2_n1b_f1_t100_c100_r0_seq512_pred96_seed3_initseed11.txt,Language Pretrained,test_fitbit_hr_medium_heldout_l0_d32_e10_mLLAMA3.2_n1b_f1_t100_c100_seq512_pred96_initseed11,3,,0.35619,0.51753,fitbit_eval
../results/fitbit_eval/test_fitbit_hr_high_heldout_l0_d32_e10_mLLAMA3.2_n1b_f1_t100_c100_r1_seq512_pred96_seed1_initseed11.txt,Random Init,test_fitbit_hr_high_heldout_l0_d32_e10_mLLAMA3.2_n1b_f1_t100_c100_seq512_pred96_initseed11,1,,0.49108,0.77533,fitbit_eval
../results/fitbit_eval/test_fitbit_hr_medium_heldout_l0_d32_e10_mLLAMA3.2_n1b_f1_t100_c100_r1_seq512_pred96_seed1_initseed11.txt,Random Init,test_fitbit_hr_medium_heldout_l0_d32_e10_mLLAMA3.2_n1b_f1_t100_c100_seq512_pred96_initseed11,1,,0.35619,0.59321,fitbit_eval
../results/fitbit_eval/test_fitbit_hr_high_heldout_l0_d32_e10_mLLAMA3.2_n1b_f1_t100_c100_r1_seq512_pred96_seed1_initseed12.txt,Random Init,test_fitbit_hr_high_heldout_l0_d32_e10_mLLAMA3.2_n1b_f1_t100_c100_seq512_pred96_initseed12,1,,0.49108,0.76327,fitbit_eval
../results/fitbit_eval/test_fitbit_hr_medium_heldout_l0_d32_e10_mLLAMA3.2_n1b_f1_t100_c100_r1_seq512_pred96_seed1_initseed12.txt,Random Init,test_fitbit_hr_medium_heldout_l0_d32_e10_mLLAMA3.2_n1b_f1_t100_c100_seq512_pred96_initseed12,1,,0.35619,0.63017,fitbit_eval
../results/fitbit_eval/test_fitbit_hr_high_heldout_l0_d32_e10_mLLAMA3.2_n1b_f1_t100_c100_r1_seq512_pred96_seed1_initseed13.txt,Random Init,test_fitbit_hr_high_heldout_l0_d32_e10_mLLAMA3.2_n1b_f1_t100_c100_seq512_pred96_initseed13,1,,0.49108,0.78582,fitbit_eval
../results/fitbit_eval/test_fitbit_hr_medium_heldout_l0_d32_e10_mLLAMA3.2_n1b_f1_t100_c100_r1_seq512_pred96_seed1_initseed13.txt,Random Init,test_fitbit_hr_medium_heldout_l0_d32_e10_mLLAMA3.2_n1b_f1_t100_c100_seq512_pred96_initseed13,1,,0.35619,0.68973,fitbit_eval
../results/fitbit_eval/test_fitbit_hr_high_heldout_l0_d32_e10_mLLAMA3.2_n1b_f1_t100_c100_r1_seq512_pred96_seed2_initseed11.txt,Random Init,test_fitbit_hr_high_heldout_l0_d32_e10_mLLAMA3.2_n1b_f1_t100_c100_seq512_pred96_initseed11,2,,0.49108,0.71503,fitbit_eval
../results/fitbit_eval/test_fitbit_hr_medium_heldout_l0_d32_e10_mLLAMA3.2_n1b_f1_t100_c100_r1_seq512_pred96_seed2_initseed11.txt,Random Init,test_fitbit_hr_medium_heldout_l0_d32_e10_mLLAMA3.2_n1b_f1_t100_c100_seq512_pred96_initseed11,2,,0.35619,0.51339,fitbit_eval
../results/spectralUniTest/spectralUniTest_CISO_solar_heldout_l0_d32_e10_mLLAMA3.2_n1b_f1_t100_c100_r0_seq512_pred96_seed1_initseed11.txt,Language Pretrained,spectralUniTest_CISO_solar_heldout_l0_d32_e10_mLLAMA3.2_n1b_f1_t100_c100_seq512_pred96_initseed11,1,,0.30375,0.83721,CarbonCast
../results/spectralUniTest/spectralUniTest_FR_wind_heldout_l0_d32_e10_mLLAMA3.2_n1b_f1_t100_c100_r0_seq512_pred96_seed1_initseed11.txt,Language Pretrained,spectralUniTest_FR_wind_heldout_l0_d32_e10_mLLAMA3.2_n1b_f1_t100_c100_seq512_pred96_initseed11,1,,0.45675,1.11785,CarbonCast
../results/spectralUniTest/spectralUniTest_SWPP_nat_gas_heldout_l0_d32_e10_mLLAMA3.2_n1b_f1_t100_c100_r0_seq512_pred96_seed1_initseed11.txt,Language Pretrained,spectralUniTest_SWPP_nat_gas_heldout_l0_d32_e10_mLLAMA3.2_n1b_f1_t100_c100_seq512_pred96_initseed11,1,,0.45953,1.01996,CarbonCast
../results/spectralUniTest/spectralUniTest_PJM_oil_heldout_l0_d32_e10_mLLAMA3.2_n1b_f1_t100_c100_r0_seq512_pred96_seed1_initseed11.txt,Language Pretrained,spectralUniTest_PJM_oil_heldout_l0_d32_e10_mLLAMA3.2_n1b_f1_t100_c100_seq512_pred96_initseed11,1,,0.66366,0.92746,CarbonCast
../results/spectralUniTest/spectralUniTest_PJM_nat_gas_heldout_l0_d32_e10_mLLAMA3.2_n1b_f1_t100_c100_r0_seq512_pred96_seed1_initseed11.txt,Language Pretrained,spectralUniTest_PJM_nat_gas_heldout_l0_d32_e10_mLLAMA3.2_n1b_f1_t100_c100_seq512_pred96_initseed11,1,,0.46377,0.9242,CarbonCast
../results/spectralUniTest/spectralUniTest_FR_wind_heldout_l0_d32_e10_mLLAMA3.2_n1b_f1_t100_c100_r0_seq512_pred96_seed2_initseed11.txt,Language Pretrained,spectralUniTest_FR_wind_heldout_l0_d32_e10_mLLAMA3.2_n1b_f1_t100_c100_seq512_pred96_initseed11,2,,0.45675,1.10092,CarbonCast
../results/spectralUniTest/spectralUniTest_CISO_solar_heldout_l0_d32_e10_mLLAMA3.2_n1b_f1_t100_c100_r0_seq512_pred96_seed2_initseed11.txt,Language Pretrained,spectralUniTest_CISO_solar_heldout_l0_d32_e10_mLLAMA3.2_n1b_f1_t100_c100_seq512_pred96_initseed11,2,,0.30375,0.66615,CarbonCast
../results/spectralUniTest/spectralUniTest_FR_wind_heldout_l0_d32_e10_mLLAMA3.2_n1b_f1_t100_c100_r0_seq512_pred96_seed3_initseed11.txt,Language Pretrained,spectralUniTest_FR_wind_heldout_l0_d32_e10_mLLAMA3.2_n1b_f1_t100_c100_seq512_pred96_initseed11,3,,0.45675,1.12137,CarbonCast
../results/spectralUniTest/spectralUniTest_SWPP_nat_gas_heldout_l0_d32_e10_mLLAMA3.2_n1b_f1_t100_c100_r0_seq512_pred96_seed2_initseed11.txt,Language Pretrained,spectralUniTest_SWPP_nat_gas_heldout_l0_d32_e10_mLLAMA3.2_n1b_f1_t100_c100_seq512_pred96_initseed11,2,,0.45953,1.00036,CarbonCast
../results/spectralUniTest/spectralUniTest_PJM_oil_heldout_l0_d32_e10_mLLAMA3.2_n1b_f1_t100_c100_r0_seq512_pred96_seed2_initseed11.txt,Language Pretrained,spectralUniTest_PJM_oil_heldout_l0_d32_e10_mLLAMA3.2_n1b_f1_t100_c100_seq512_pred96_initseed11,2,,0.66366,0.93106,CarbonCast
../results/spectralUniTest/spectralUniTest_PJM_nat_gas_heldout_l0_d32_e10_mLLAMA3.2_n1b_f1_t100_c100_r0_seq512_pred96_seed2_initseed11.txt,Language Pretrained,spectralUniTest_PJM_nat_gas_heldout_l0_d32_e10_mLLAMA3.2_n1b_f1_t100_c100_seq512_pred96_initseed11,2,,0.46377,0.90695,CarbonCast
../results/spectralUniTest/spectralUniTest_CISO_solar_heldout_l0_d32_e10_mLLAMA3.2_n1b_f1_t100_c100_r0_seq512_pred96_seed3_initseed11.txt,Language Pretrained,spectralUniTest_CISO_solar_heldout_l0_d32_e10_mLLAMA3.2_n1b_f1_t100_c100_seq512_pred96_initseed11,3,,0.30375,0.87648,CarbonCast
../results/spectralUniTest/spectralUniTest_FR_wind_heldout_l0_d32_e10_mLLAMA3.2_n1b_f1_t100_c100_r1_seq512_pred96_seed1_initseed11.txt,Random Init,spectralUniTest_FR_wind_heldout_l0_d32_e10_mLLAMA3.2_n1b_f1_t100_c100_seq512_pred96_initseed11,1,,0.45675,1.09472,CarbonCast
../results/spectralUniTest/spectralUniTest_SWPP_nat_gas_heldout_l0_d32_e10_mLLAMA3.2_n1b_f1_t100_c100_r0_seq512_pred96_seed3_initseed11.txt,Language Pretrained,spectralUniTest_SWPP_nat_gas_heldout_l0_d32_e10_mLLAMA3.2_n1b_f1_t100_c100_seq512_pred96_initseed11,3,,0.45953,1.01911,CarbonCast
../results/spectralUniTest/spectralUniTest_PJM_oil_heldout_l0_d32_e10_mLLAMA3.2_n1b_f1_t100_c100_r0_seq512_pred96_seed3_initseed11.txt,Language Pretrained,spectralUniTest_PJM_oil_heldout_l0_d32_e10_mLLAMA3.2_n1b_f1_t100_c100_seq512_pred96_initseed11,3,,0.66366,1.01441,CarbonCast
../results/spectralUniTest/spectralUniTest_PJM_nat_gas_heldout_l0_d32_e10_mLLAMA3.2_n1b_f1_t100_c100_r0_seq512_pred96_seed3_initseed11.txt,Language Pretrained,spectralUniTest_PJM_nat_gas_heldout_l0_d32_e10_mLLAMA3.2_n1b_f1_t100_c100_seq512_pred96_initseed11,3,,0.46377,0.88811,CarbonCast
../results/spectralUniTest/spectralUniTest_FR_wind_heldout_l0_d32_e10_mLLAMA3.2_n1b_f1_t100_c100_r1_seq512_pred96_seed1_initseed12.txt,Random Init,spectralUniTest_FR_wind_heldout_l0_d32_e10_mLLAMA3.2_n1b_f1_t100_c100_seq512_pred96_initseed12,1,,0.45675,1.15181,CarbonCast
../results/spectralUniTest/spectralUniTest_CISO_solar_heldout_l0_d32_e10_mLLAMA3.2_n1b_f1_t100_c100_r1_seq512_pred96_seed1_initseed11.txt,Random Init,spectralUniTest_CISO_solar_heldout_l0_d32_e10_mLLAMA3.2_n1b_f1_t100_c100_seq512_pred96_initseed11,1,,0.30375,0.56334,CarbonCast
../results/spectralUniTest/spectralUniTest_FR_wind_heldout_l0_d32_e10_mLLAMA3.2_n1b_f1_t100_c100_r1_seq512_pred96_seed1_initseed13.txt,Random Init,spectralUniTest_FR_wind_heldout_l0_d32_e10_mLLAMA3.2_n1b_f1_t100_c100_seq512_pred96_initseed13,1,,0.45675,1.15712,CarbonCast
../results/spectralUniTest/spectralUniTest_PJM_oil_heldout_l0_d32_e10_mLLAMA3.2_n1b_f1_t100_c100_r1_seq512_pred96_seed1_initseed11.txt,Random Init,spectralUniTest_PJM_oil_heldout_l0_d32_e10_mLLAMA3.2_n1b_f1_t100_c100_seq512_pred96_initseed11,1,,0.66366,1.01391,CarbonCast
../results/spectralUniTest/spectralUniTest_SWPP_nat_gas_heldout_l0_d32_e10_mLLAMA3.2_n1b_f1_t100_c100_r1_seq512_pred96_seed1_initseed11.txt,Random Init,spectralUniTest_SWPP_nat_gas_heldout_l0_d32_e10_mLLAMA3.2_n1b_f1_t100_c100_seq512_pred96_initseed11,1,,0.45953,0.97371,CarbonCast
../results/spectralUniTest/spectralUniTest_PJM_nat_gas_heldout_l0_d32_e10_mLLAMA3.2_n1b_f1_t100_c100_r1_seq512_pred96_seed1_initseed11.txt,Random Init,spectralUniTest_PJM_nat_gas_heldout_l0_d32_e10_mLLAMA3.2_n1b_f1_t100_c100_seq512_pred96_initseed11,1,,0.46377,0.87783,CarbonCast
../results/spectralUniTest/spectralUniTest_CISO_solar_heldout_l0_d32_e10_mLLAMA3.2_n1b_f1_t100_c100_r1_seq512_pred96_seed1_initseed12.txt,Random Init,spectralUniTest_CISO_solar_heldout_l0_d32_e10_mLLAMA3.2_n1b_f1_t100_c100_seq512_pred96_initseed12,1,,0.30375,0.73472,CarbonCast
../results/spectralUniTest/spectralUniTest_FR_wind_heldout_l0_d32_e10_mLLAMA3.2_n1b_f1_t100_c100_r1_seq512_pred96_seed2_initseed11.txt,Random Init,spectralUniTest_FR_wind_heldout_l0_d32_e10_mLLAMA3.2_n1b_f1_t100_c100_seq512_pred96_initseed11,2,,0.45675,1.10189,CarbonCast
../results/spectralUniTest/spectralUniTest_SWPP_nat_gas_heldout_l0_d32_e10_mLLAMA3.2_n1b_f1_t100_c100_r1_seq512_pred96_seed1_initseed12.txt,Random Init,spectralUniTest_SWPP_nat_gas_heldout_l0_d32_e10_mLLAMA3.2_n1b_f1_t100_c100_seq512_pred96_initseed12,1,,0.45953,1.01225,CarbonCast
../results/spectralUniTest/spectralUniTest_PJM_oil_heldout_l0_d32_e10_mLLAMA3.2_n1b_f1_t100_c100_r1_seq512_pred96_seed1_initseed12.txt,Random Init,spectralUniTest_PJM_oil_heldout_l0_d32_e10_mLLAMA3.2_n1b_f1_t100_c100_seq512_pred96_initseed12,1,,0.66366,1.07481,CarbonCast
../results/spectralUniTest/spectralUniTest_FR_wind_heldout_l0_d32_e10_mLLAMA3.2_n1b_f1_t100_c100_r1_seq512_pred96_seed2_initseed12.txt,Random Init,spectralUniTest_FR_wind_heldout_l0_d32_e10_mLLAMA3.2_n1b_f1_t100_c100_seq512_pred96_initseed12,2,,0.45675,1.09122,CarbonCast
../results/spectralUniTest/spectralUniTest_CISO_solar_heldout_l0_d32_e10_mLLAMA3.2_n1b_f1_t100_c100_r1_seq512_pred96_seed1_initseed13.txt,Random Init,spectralUniTest_CISO_solar_heldout_l0_d32_e10_mLLAMA3.2_n1b_f1_t100_c100_seq512_pred96_initseed13,1,,0.30375,0.77893,CarbonCast
../results/spectralUniTest/spectralUniTest_PJM_nat_gas_heldout_l0_d32_e10_mLLAMA3.2_n1b_f1_t100_c100_r1_seq512_pred96_seed1_initseed12.txt,Random Init,spectralUniTest_PJM_nat_gas_heldout_l0_d32_e10_mLLAMA3.2_n1b_f1_t100_c100_seq512_pred96_initseed12,1,,0.46377,0.89117,CarbonCast
../results/spectralUniTest/spectralUniTest_FR_wind_heldout_l0_d32_e10_mLLAMA3.2_n1b_f1_t100_c100_r1_seq512_pred96_seed2_initseed13.txt,Random Init,spectralUniTest_FR_wind_heldout_l0_d32_e10_mLLAMA3.2_n1b_f1_t100_c100_seq512_pred96_initseed13,2,,0.45675,1.12154,CarbonCast
../results/spectralUniTest/spectralUniTest_SWPP_nat_gas_heldout_l0_d32_e10_mLLAMA3.2_n1b_f1_t100_c100_r1_seq512_pred96_seed1_initseed13.txt,Random Init,spectralUniTest_SWPP_nat_gas_heldout_l0_d32_e10_mLLAMA3.2_n1b_f1_t100_c100_seq512_pred96_initseed13,1,,0.45953,1.02459,CarbonCast
../results/spectralUniTest/spectralUniTest_PJM_oil_heldout_l0_d32_e10_mLLAMA3.2_n1b_f1_t100_c100_r1_seq512_pred96_seed1_initseed13.txt,Random Init,spectralUniTest_PJM_oil_heldout_l0_d32_e10_mLLAMA3.2_n1b_f1_t100_c100_seq512_pred96_initseed13,1,,0.66366,1.12466,CarbonCast
../results/spectralUniTest/spectralUniTest_CISO_solar_heldout_l0_d32_e10_mLLAMA3.2_n1b_f1_t100_c100_r1_seq512_pred96_seed2_initseed11.txt,Random Init,spectralUniTest_CISO_solar_heldout_l0_d32_e10_mLLAMA3.2_n1b_f1_t100_c100_seq512_pred96_initseed11,2,,0.30375,0.76033,CarbonCast
../results/spectralUniTest/spectralUniTest_PJM_nat_gas_heldout_l0_d32_e10_mLLAMA3.2_n1b_f1_t100_c100_r1_seq512_pred96_seed1_initseed13.txt,Random Init,spectralUniTest_PJM_nat_gas_heldout_l0_d32_e10_mLLAMA3.2_n1b_f1_t100_c100_seq512_pred96_initseed13,1,,0.46377,0.88909,CarbonCast
../results/spectralUniTest/spectralUniTest_FR_wind_heldout_l0_d32_e10_mLLAMA3.2_n1b_f1_t100_c100_r1_seq512_pred96_seed3_initseed11.txt,Random Init,spectralUniTest_FR_wind_heldout_l0_d32_e10_mLLAMA3.2_n1b_f1_t100_c100_seq512_pred96_initseed11,3,,0.45675,1.12757,CarbonCast
../results/spectralUniTest/spectralUniTest_FR_wind_heldout_l0_d32_e10_mLLAMA3.2_n1b_f1_t100_c100_r1_seq512_pred96_seed3_initseed12.txt,Random Init,spectralUniTest_FR_wind_heldout_l0_d32_e10_mLLAMA3.2_n1b_f1_t100_c100_seq512_pred96_initseed12,3,,0.45675,1.1389,CarbonCast
../results/spectralUniTest/spectralUniTest_SWPP_nat_gas_heldout_l0_d32_e10_mLLAMA3.2_n1b_f1_t100_c100_r1_seq512_pred96_seed2_initseed11.txt,Random Init,spectralUniTest_SWPP_nat_gas_heldout_l0_d32_e10_mLLAMA3.2_n1b_f1_t100_c100_seq512_pred96_initseed11,2,,0.45953,1.00411,CarbonCast
../results/spectralUniTest/spectralUniTest_PJM_oil_heldout_l0_d32_e10_mLLAMA3.2_n1b_f1_t100_c100_r1_seq512_pred96_seed2_initseed11.txt,Random Init,spectralUniTest_PJM_oil_heldout_l0_d32_e10_mLLAMA3.2_n1b_f1_t100_c100_seq512_pred96_initseed11,2,,0.66366,0.99344,CarbonCast
../results/spectralUniTest/spectralUniTest_CISO_solar_heldout_l0_d32_e10_mLLAMA3.2_n1b_f1_t100_c100_r1_seq512_pred96_seed2_initseed12.txt,Random Init,spectralUniTest_CISO_solar_heldout_l0_d32_e10_mLLAMA3.2_n1b_f1_t100_c100_seq512_pred96_initseed12,2,,0.30375,0.64868,CarbonCast
../results/spectralUniTest/spectralUniTest_PJM_nat_gas_heldout_l0_d32_e10_mLLAMA3.2_n1b_f1_t100_c100_r1_seq512_pred96_seed2_initseed11.txt,Random Init,spectralUniTest_PJM_nat_gas_heldout_l0_d32_e10_mLLAMA3.2_n1b_f1_t100_c100_seq512_pred96_initseed11,2,,0.46377,0.91499,CarbonCast
../results/spectralUniTest/spectralUniTest_FR_wind_heldout_l0_d32_e10_mLLAMA3.2_n1b_f1_t100_c100_r1_seq512_pred96_seed3_initseed13.txt,Random Init,spectralUniTest_FR_wind_heldout_l0_d32_e10_mLLAMA3.2_n1b_f1_t100_c100_seq512_pred96_initseed13,3,,0.45675,1.14372,CarbonCast
../results/spectralUniTest/spectralUniTest_SWPP_nat_gas_heldout_l0_d32_e10_mLLAMA3.2_n1b_f1_t100_c100_r1_seq512_pred96_seed2_initseed12.txt,Random Init,spectralUniTest_SWPP_nat_gas_heldout_l0_d32_e10_mLLAMA3.2_n1b_f1_t100_c100_seq512_pred96_initseed12,2,,0.45953,0.98371,CarbonCast
../results/spectralUniTest/spectralUniTest_PJM_oil_heldout_l0_d32_e10_mLLAMA3.2_n1b_f1_t100_c100_r1_seq512_pred96_seed2_initseed12.txt,Random Init,spectralUniTest_PJM_oil_heldout_l0_d32_e10_mLLAMA3.2_n1b_f1_t100_c100_seq512_pred96_initseed12,2,,0.66366,1.00228,CarbonCast
../results/spectralUniTest/spectralUniTest_CISO_solar_heldout_l0_d32_e10_mLLAMA3.2_n1b_f1_t100_c100_r1_seq512_pred96_seed2_initseed13.txt,Random Init,spectralUniTest_CISO_solar_heldout_l0_d32_e10_mLLAMA3.2_n1b_f1_t100_c100_seq512_pred96_initseed13,2,,0.30375,0.70828,CarbonCast
../results/spectralUniTest/spectralUniTest_PJM_nat_gas_heldout_l0_d32_e10_mLLAMA3.2_n1b_f1_t100_c100_r1_seq512_pred96_seed2_initseed12.txt,Random Init,spectralUniTest_PJM_nat_gas_heldout_l0_d32_e10_mLLAMA3.2_n1b_f1_t100_c100_seq512_pred96_initseed12,2,,0.46377,0.88227,CarbonCast
../results/spectralUniTest/spectralUniTest_SWPP_nat_gas_heldout_l0_d32_e10_mLLAMA3.2_n1b_f1_t100_c100_r1_seq512_pred96_seed2_initseed13.txt,Random Init,spectralUniTest_SWPP_nat_gas_heldout_l0_d32_e10_mLLAMA3.2_n1b_f1_t100_c100_seq512_pred96_initseed13,2,,0.45953,1.00661,CarbonCast
../results/spectralUniTest/spectralUniTest_CISO_solar_heldout_l0_d32_e10_mLLAMA3.2_n1b_f1_t100_c100_r1_seq512_pred96_seed3_initseed11.txt,Random Init,spectralUniTest_CISO_solar_heldout_l0_d32_e10_mLLAMA3.2_n1b_f1_t100_c100_seq512_pred96_initseed11,3,,0.30375,0.79159,CarbonCast
../results/spectralUniTest/spectralUniTest_PJM_oil_heldout_l0_d32_e10_mLLAMA3.2_n1b_f1_t100_c100_r1_seq512_pred96_seed2_initseed13.txt,Random Init,spectralUniTest_PJM_oil_heldout_l0_d32_e10_mLLAMA3.2_n1b_f1_t100_c100_seq512_pred96_initseed13,2,,0.66366,1.04524,CarbonCast
../results/spectralUniTest/spectralUniTest_PJM_nat_gas_heldout_l0_d32_e10_mLLAMA3.2_n1b_f1_t100_c100_r1_seq512_pred96_seed2_initseed13.txt,Random Init,spectralUniTest_PJM_nat_gas_heldout_l0_d32_e10_mLLAMA3.2_n1b_f1_t100_c100_seq512_pred96_initseed13,2,,0.46377,0.88826,CarbonCast
../results/spectralUniTest/spectralUniTest_SWPP_nat_gas_heldout_l0_d32_e10_mLLAMA3.2_n1b_f1_t100_c100_r1_seq512_pred96_seed3_initseed11.txt,Random Init,spectralUniTest_SWPP_nat_gas_heldout_l0_d32_e10_mLLAMA3.2_n1b_f1_t100_c100_seq512_pred96_initseed11,3,,0.45953,1.01365,CarbonCast
../results/spectralUniTest/spectralUniTest_CISO_solar_heldout_l0_d32_e10_mLLAMA3.2_n1b_f1_t100_c100_r1_seq512_pred96_seed3_initseed12.txt,Random Init,spectralUniTest_CISO_solar_heldout_l0_d32_e10_mLLAMA3.2_n1b_f1_t100_c100_seq512_pred96_initseed12,3,,0.30375,0.80708,CarbonCast
../results/spectralUniTest/spectralUniTest_PJM_oil_heldout_l0_d32_e10_mLLAMA3.2_n1b_f1_t100_c100_r1_seq512_pred96_seed3_initseed11.txt,Random Init,spectralUniTest_PJM_oil_heldout_l0_d32_e10_mLLAMA3.2_n1b_f1_t100_c100_seq512_pred96_initseed11,3,,0.66366,1.06436,CarbonCast
../results/spectralUniTest/spectralUniTest_PJM_nat_gas_heldout_l0_d32_e10_mLLAMA3.2_n1b_f1_t100_c100_r1_seq512_pred96_seed3_initseed11.txt,Random Init,spectralUniTest_PJM_nat_gas_heldout_l0_d32_e10_mLLAMA3.2_n1b_f1_t100_c100_seq512_pred96_initseed11,3,,0.46377,0.89614,CarbonCast
../results/spectralUniTest/spectralUniTest_SWPP_nat_gas_heldout_l0_d32_e10_mLLAMA3.2_n1b_f1_t100_c100_r1_seq512_pred96_seed3_initseed12.txt,Random Init,spectralUniTest_SWPP_nat_gas_heldout_l0_d32_e10_mLLAMA3.2_n1b_f1_t100_c100_seq512_pred96_initseed12,3,,0.45953,1.01071,CarbonCast
../results/spectralUniTest/spectralUniTest_CISO_solar_heldout_l0_d32_e10_mLLAMA3.2_n1b_f1_t100_c100_r1_seq512_pred96_seed3_initseed13.txt,Random Init,spectralUniTest_CISO_solar_heldout_l0_d32_e10_mLLAMA3.2_n1b_f1_t100_c100_seq512_pred96_initseed13,3,,0.30375,0.9108,CarbonCast
../results/spectralUniTest/spectralUniTest_PJM_oil_heldout_l0_d32_e10_mLLAMA3.2_n1b_f1_t100_c100_r1_seq512_pred96_seed3_initseed12.txt,Random Init,spectralUniTest_PJM_oil_heldout_l0_d32_e10_mLLAMA3.2_n1b_f1_t100_c100_seq512_pred96_initseed12,3,,0.66366,1.0717,CarbonCast
../results/spectralUniTest/spectralUniTest_PJM_nat_gas_heldout_l0_d32_e10_mLLAMA3.2_n1b_f1_t100_c100_r1_seq512_pred96_seed3_initseed12.txt,Random Init,spectralUniTest_PJM_nat_gas_heldout_l0_d32_e10_mLLAMA3.2_n1b_f1_t100_c100_seq512_pred96_initseed12,3,,0.46377,0.89158,CarbonCast
../results/spectralUniTest/spectralUniTest_SWPP_nat_gas_heldout_l0_d32_e10_mLLAMA3.2_n1b_f1_t100_c100_r1_seq512_pred96_seed3_initseed13.txt,Random Init,spectralUniTest_SWPP_nat_gas_heldout_l0_d32_e10_mLLAMA3.2_n1b_f1_t100_c100_seq512_pred96_initseed13,3,,0.45953,1.01933,CarbonCast
../results/spectralUniTest/spectralUniTest_PJM_oil_heldout_l0_d32_e10_mLLAMA3.2_n1b_f1_t100_c100_r1_seq512_pred96_seed3_initseed13.txt,Random Init,spectralUniTest_PJM_oil_heldout_l0_d32_e10_mLLAMA3.2_n1b_f1_t100_c100_seq512_pred96_initseed13,3,,0.66366,1.0911,CarbonCast
../results/spectralUniTest/spectralUniTest_PJM_nat_gas_heldout_l0_d32_e10_mLLAMA3.2_n1b_f1_t100_c100_r1_seq512_pred96_seed3_initseed13.txt,Random Init,spectralUniTest_PJM_nat_gas_heldout_l0_d32_e10_mLLAMA3.2_n1b_f1_t100_c100_seq512_pred96_initseed13,3,,0.46377,0.90144,CarbonCast
../results/uniSynthPSD_eval/testing_uniSynthPSD_l0_d32_e10_mLLAMA3.2_n1b_f1_t100_c100_r1_h200_seq512_pred96_seed1_initseed11.txt,Random Init,testing_uniSynthPSD_l0_d32_e10_mLLAMA3.2_n1b_f1_t100_c100_h200_seq512_pred96_initseed11,1,,0.68372,1.16377,uniSynthPSD_eval
../results/uniSynthPSD_eval/testing_uniSynthPSD_l0_d32_e10_mLLAMA3.2_n1b_f1_t100_c100_r1_h200_seq512_pred96_seed1_initseed12.txt,Random Init,testing_uniSynthPSD_l0_d32_e10_mLLAMA3.2_n1b_f1_t100_c100_h200_seq512_pred96_initseed12,1,,0.68372,1.16418,uniSynthPSD_eval
../results/uniSynthPSD_eval/testing_uniSynthPSD_l0_d32_e10_mLLAMA3.2_n1b_f1_t100_c100_r1_h200_seq512_pred96_seed1_initseed13.txt,Random Init,testing_uniSynthPSD_l0_d32_e10_mLLAMA3.2_n1b_f1_t100_c100_h200_seq512_pred96_initseed13,1,,0.68372,1.15584,uniSynthPSD_eval
../results/uniSynthPSD_eval/testing_uniSynthPSD_l0_d32_e10_mLLAMA3.2_n1b_f1_t100_c100_r1_h200_seq512_pred96_seed2_initseed11.txt,Random Init,testing_uniSynthPSD_l0_d32_e10_mLLAMA3.2_n1b_f1_t100_c100_h200_seq512_pred96_initseed11,2,,0.68372,1.16288,uniSynthPSD_eval
../results/uniSynthPSD_eval/testing_uniSynthPSD_l0_d32_e10_mLLAMA3.2_n1b_f1_t100_c100_r1_h200_seq512_pred96_seed2_initseed12.txt,Random Init,testing_uniSynthPSD_l0_d32_e10_mLLAMA3.2_n1b_f1_t100_c100_h200_seq512_pred96_initseed12,2,,0.68372,1.16531,uniSynthPSD_eval
../results/uniSynthPSD_eval/testing_uniSynthPSD_l0_d32_e10_mLLAMA3.2_n1b_f1_t100_c100_r1_h200_seq512_pred96_seed2_initseed13.txt,Random Init,testing_uniSynthPSD_l0_d32_e10_mLLAMA3.2_n1b_f1_t100_c100_h200_seq512_pred96_initseed13,2,,0.68372,1.16112,uniSynthPSD_eval
../results/uniSynthPSD_eval/testing_uniSynthPSD_l0_d32_e10_mLLAMA3.2_n1b_f1_t100_c100_r1_h200_seq512_pred96_seed3_initseed11.txt,Random Init,testing_uniSynthPSD_l0_d32_e10_mLLAMA3.2_n1b_f1_t100_c100_h200_seq512_pred96_initseed11,3,,0.68372,1.15983,uniSynthPSD_eval
../results/uniSynthPSD_eval/testing_uniSynthPSD_l0_d32_e10_mLLAMA3.2_n1b_f1_t100_c100_r1_h200_seq512_pred96_seed3_initseed12.txt,Random Init,testing_uniSynthPSD_l0_d32_e10_mLLAMA3.2_n1b_f1_t100_c100_h200_seq512_pred96_initseed12,3,,0.68372,1.16194,uniSynthPSD_eval
../results/uniSynthPSD_eval/testing_uniSynthPSD_l0_d32_e10_mLLAMA3.2_n1b_f1_t100_c100_r1_h200_seq512_pred96_seed3_initseed13.txt,Random Init,testing_uniSynthPSD_l0_d32_e10_mLLAMA3.2_n1b_f1_t100_c100_h200_seq512_pred96_initseed13,3,,0.68372,1.17725,uniSynthPSD_eval
../results/uniSynthPSD_eval/testing_uniSynthPSD_l0_d32_e10_mLLAMA3.2_n1b_f1_t100_c100_r0_h200_seq512_pred96_seed1_initseed11.txt,Language Pretrained,testing_uniSynthPSD_l0_d32_e10_mLLAMA3.2_n1b_f1_t100_c100_h200_seq512_pred96_initseed11,1,,0.68372,1.15645,uniSynthPSD_eval
../results/uniSynthPSD_eval/testing_uniSynthPSD_l0_d32_e10_mLLAMA3.2_n1b_f1_t100_c100_r1_h300_seq512_pred96_seed1_initseed11.txt,Random Init,testing_uniSynthPSD_l0_d32_e10_mLLAMA3.2_n1b_f1_t100_c100_h300_seq512_pred96_initseed11,1,,0.58736,1.20756,uniSynthPSD_eval
../results/uniSynthPSD_eval/testing_uniSynthPSD_l0_d32_e10_mLLAMA3.2_n1b_f1_t100_c100_r0_h200_seq512_pred96_seed2_initseed11.txt,Language Pretrained,testing_uniSynthPSD_l0_d32_e10_mLLAMA3.2_n1b_f1_t100_c100_h200_seq512_pred96_initseed11,2,,0.68372,1.13683,uniSynthPSD_eval
../results/uniSynthPSD_eval/testing_uniSynthPSD_l0_d32_e10_mLLAMA3.2_n1b_f1_t100_c100_r1_h300_seq512_pred96_seed1_initseed12.txt,Random Init,testing_uniSynthPSD_l0_d32_e10_mLLAMA3.2_n1b_f1_t100_c100_h300_seq512_pred96_initseed12,1,,0.58736,1.19684,uniSynthPSD_eval
../results/uniSynthPSD_eval/testing_uniSynthPSD_l0_d32_e10_mLLAMA3.2_n1b_f1_t100_c100_r0_h200_seq512_pred96_seed3_initseed11.txt,Language Pretrained,testing_uniSynthPSD_l0_d32_e10_mLLAMA3.2_n1b_f1_t100_c100_h200_seq512_pred96_initseed11,3,,0.68372,1.16143,uniSynthPSD_eval
../results/uniSynthPSD_eval/testing_uniSynthPSD_l0_d32_e10_mLLAMA3.2_n1b_f1_t100_c100_r1_h300_seq512_pred96_seed1_initseed13.txt,Random Init,testing_uniSynthPSD_l0_d32_e10_mLLAMA3.2_n1b_f1_t100_c100_h300_seq512_pred96_initseed13,1,,0.58736,1.20274,uniSynthPSD_eval
../results/uniSynthPSD_eval/testing_uniSynthPSD_l0_d32_e10_mLLAMA3.2_n1b_f1_t100_c100_r0_h300_seq512_pred96_seed1_initseed11.txt,Language Pretrained,testing_uniSynthPSD_l0_d32_e10_mLLAMA3.2_n1b_f1_t100_c100_h300_seq512_pred96_initseed11,1,,0.58736,1.19269,uniSynthPSD_eval
../results/uniSynthPSD_eval/testing_uniSynthPSD_l0_d32_e10_mLLAMA3.2_n1b_f1_t100_c100_r1_h300_seq512_pred96_seed2_initseed11.txt,Random Init,testing_uniSynthPSD_l0_d32_e10_mLLAMA3.2_n1b_f1_t100_c100_h300_seq512_pred96_initseed11,2,,0.58736,1.21037,uniSynthPSD_eval
../results/uniSynthPSD_eval/testing_uniSynthPSD_l0_d32_e10_mLLAMA3.2_n1b_f1_t100_c100_r0_h300_seq512_pred96_seed2_initseed11.txt,Language Pretrained,testing_uniSynthPSD_l0_d32_e10_mLLAMA3.2_n1b_f1_t100_c100_h300_seq512_pred96_initseed11,2,,0.58736,1.18266,uniSynthPSD_eval
../results/uniSynthPSD_eval/testing_uniSynthPSD_l0_d32_e10_mLLAMA3.2_n1b_f1_t100_c100_r1_h300_seq512_pred96_seed2_initseed12.txt,Random Init,testing_uniSynthPSD_l0_d32_e10_mLLAMA3.2_n1b_f1_t100_c100_h300_seq512_pred96_initseed12,2,,0.58736,1.20219,uniSynthPSD_eval
../results/uniSynthPSD_eval/testing_uniSynthPSD_l0_d32_e10_mLLAMA3.2_n1b_f1_t100_c100_r0_h300_seq512_pred96_seed3_initseed11.txt,Language Pretrained,testing_uniSynthPSD_l0_d32_e10_mLLAMA3.2_n1b_f1_t100_c100_h300_seq512_pred96_initseed11,3,,0.58736,1.20278,uniSynthPSD_eval
../results/uniSynthPSD_eval/testing_uniSynthPSD_l0_d32_e10_mLLAMA3.2_n1b_f1_t100_c100_r1_h300_seq512_pred96_seed2_initseed13.txt,Random Init,testing_uniSynthPSD_l0_d32_e10_mLLAMA3.2_n1b_f1_t100_c100_h300_seq512_pred96_initseed13,2,,0.58736,1.20059,uniSynthPSD_eval
../results/uniSynthPSD_eval/testing_uniSynthPSD_l0_d32_e10_mLLAMA3.2_n1b_f1_t100_c100_r0_h400_seq512_pred96_seed1_initseed11.txt,Language Pretrained,testing_uniSynthPSD_l0_d32_e10_mLLAMA3.2_n1b_f1_t100_c100_h400_seq512_pred96_initseed11,1,,0.53706,1.10606,uniSynthPSD_eval
../results/uniSynthPSD_eval/testing_uniSynthPSD_l0_d32_e10_mLLAMA3.2_n1b_f1_t100_c100_r1_h300_seq512_pred96_seed3_initseed11.txt,Random Init,testing_uniSynthPSD_l0_d32_e10_mLLAMA3.2_n1b_f1_t100_c100_h300_seq512_pred96_initseed11,3,,0.58736,1.20272,uniSynthPSD_eval
../results/uniSynthPSD_eval/testing_uniSynthPSD_l0_d32_e10_mLLAMA3.2_n1b_f1_t100_c100_r0_h400_seq512_pred96_seed2_initseed11.txt,Language Pretrained,testing_uniSynthPSD_l0_d32_e10_mLLAMA3.2_n1b_f1_t100_c100_h400_seq512_pred96_initseed11,2,,0.53706,1.07823,uniSynthPSD_eval
../results/uniSynthPSD_eval/testing_uniSynthPSD_l0_d32_e10_mLLAMA3.2_n1b_f1_t100_c100_r1_h300_seq512_pred96_seed3_initseed12.txt,Random Init,testing_uniSynthPSD_l0_d32_e10_mLLAMA3.2_n1b_f1_t100_c100_h300_seq512_pred96_initseed12,3,,0.58736,1.20409,uniSynthPSD_eval
../results/uniSynthPSD_eval/testing_uniSynthPSD_l0_d32_e10_mLLAMA3.2_n1b_f1_t100_c100_r0_h400_seq512_pred96_seed3_initseed11.txt,Language Pretrained,testing_uniSynthPSD_l0_d32_e10_mLLAMA3.2_n1b_f1_t100_c100_h400_seq512_pred96_initseed11,3,,0.53706,1.12441,uniSynthPSD_eval
../results/uniSynthPSD_eval/testing_uniSynthPSD_l0_d32_e10_mLLAMA3.2_n1b_f1_t100_c100_r1_h300_seq512_pred96_seed3_initseed13.txt,Random Init,testing_uniSynthPSD_l0_d32_e10_mLLAMA3.2_n1b_f1_t100_c100_h300_seq512_pred96_initseed13,3,,0.58736,1.20855,uniSynthPSD_eval
../results/uniSynthPSD_eval/testing_uniSynthPSD_l0_d32_e10_mLLAMA3.2_n1b_f1_t100_c100_r0_h500_seq512_pred96_seed1_initseed11.txt,Language Pretrained,testing_uniSynthPSD_l0_d32_e10_mLLAMA3.2_n1b_f1_t100_c100_h500_seq512_pred96_initseed11,1,,0.47353,0.97688,uniSynthPSD_eval
../results/uniSynthPSD_eval/testing_uniSynthPSD_l0_d32_e10_mLLAMA3.2_n1b_f1_t100_c100_r1_h400_seq512_pred96_seed1_initseed11.txt,Random Init,testing_uniSynthPSD_l0_d32_e10_mLLAMA3.2_n1b_f1_t100_c100_h400_seq512_pred96_initseed11,1,,0.53706,1.11394,uniSynthPSD_eval
../results/uniSynthPSD_eval/testing_uniSynthPSD_l0_d32_e10_mLLAMA3.2_n1b_f1_t100_c100_r0_h500_seq512_pred96_seed2_initseed11.txt,Language Pretrained,testing_uniSynthPSD_l0_d32_e10_mLLAMA3.2_n1b_f1_t100_c100_h500_seq512_pred96_initseed11,2,,0.47353,0.94656,uniSynthPSD_eval
../results/uniSynthPSD_eval/testing_uniSynthPSD_l0_d32_e10_mLLAMA3.2_n1b_f1_t100_c100_r1_h400_seq512_pred96_seed1_initseed12.txt,Random Init,testing_uniSynthPSD_l0_d32_e10_mLLAMA3.2_n1b_f1_t100_c100_h400_seq512_pred96_initseed12,1,,0.53706,1.11418,uniSynthPSD_eval
../results/uniSynthPSD_eval/testing_uniSynthPSD_l0_d32_e10_mLLAMA3.2_n1b_f1_t100_c100_r0_h500_seq512_pred96_seed3_initseed11.txt,Language Pretrained,testing_uniSynthPSD_l0_d32_e10_mLLAMA3.2_n1b_f1_t100_c100_h500_seq512_pred96_initseed11,3,,0.47353,0.97502,uniSynthPSD_eval
../results/uniSynthPSD_eval/testing_uniSynthPSD_l0_d32_e10_mLLAMA3.2_n1b_f1_t100_c100_r1_h400_seq512_pred96_seed1_initseed13.txt,Random Init,testing_uniSynthPSD_l0_d32_e10_mLLAMA3.2_n1b_f1_t100_c100_h400_seq512_pred96_initseed13,1,,0.53706,1.11987,uniSynthPSD_eval
../results/uniSynthPSD_eval/testing_uniSynthPSD_l0_d32_e10_mLLAMA3.2_n1b_f1_t100_c100_r0_h600_seq512_pred96_seed1_initseed11.txt,Language Pretrained,testing_uniSynthPSD_l0_d32_e10_mLLAMA3.2_n1b_f1_t100_c100_h600_seq512_pred96_initseed11,1,,0.314,0.87925,uniSynthPSD_eval
../results/uniSynthPSD_eval/testing_uniSynthPSD_l0_d32_e10_mLLAMA3.2_n1b_f1_t100_c100_r1_h400_seq512_pred96_seed2_initseed11.txt,Random Init,testing_uniSynthPSD_l0_d32_e10_mLLAMA3.2_n1b_f1_t100_c100_h400_seq512_pred96_initseed11,2,,0.53706,1.12174,uniSynthPSD_eval
../results/uniSynthPSD_eval/testing_uniSynthPSD_l0_d32_e10_mLLAMA3.2_n1b_f1_t100_c100_r0_h600_seq512_pred96_seed2_initseed11.txt,Language Pretrained,testing_uniSynthPSD_l0_d32_e10_mLLAMA3.2_n1b_f1_t100_c100_h600_seq512_pred96_initseed11,2,,0.314,0.82077,uniSynthPSD_eval
../results/uniSynthPSD_eval/testing_uniSynthPSD_l0_d32_e10_mLLAMA3.2_n1b_f1_t100_c100_r1_h400_seq512_pred96_seed2_initseed12.txt,Random Init,testing_uniSynthPSD_l0_d32_e10_mLLAMA3.2_n1b_f1_t100_c100_h400_seq512_pred96_initseed12,2,,0.53706,1.1233,uniSynthPSD_eval
../results/uniSynthPSD_eval/testing_uniSynthPSD_l0_d32_e10_mLLAMA3.2_n1b_f1_t100_c100_r0_h600_seq512_pred96_seed3_initseed11.txt,Language Pretrained,testing_uniSynthPSD_l0_d32_e10_mLLAMA3.2_n1b_f1_t100_c100_h600_seq512_pred96_initseed11,3,,0.314,0.89986,uniSynthPSD_eval
../results/uniSynthPSD_eval/testing_uniSynthPSD_l0_d32_e10_mLLAMA3.2_n1b_f1_t100_c100_r1_h400_seq512_pred96_seed2_initseed13.txt,Random Init,testing_uniSynthPSD_l0_d32_e10_mLLAMA3.2_n1b_f1_t100_c100_h400_seq512_pred96_initseed13,2,,0.53706,1.1128,uniSynthPSD_eval
../results/uniSynthPSD_eval/testing_uniSynthPSD_l0_d32_e10_mLLAMA3.2_n1b_f1_t100_c100_r0_h700_seq512_pred96_seed1_initseed11.txt,Language Pretrained,testing_uniSynthPSD_l0_d32_e10_mLLAMA3.2_n1b_f1_t100_c100_h700_seq512_pred96_initseed11,1,,0.26986,1.05968,uniSynthPSD_eval
../results/uniSynthPSD_eval/testing_uniSynthPSD_l0_d32_e10_mLLAMA3.2_n1b_f1_t100_c100_r1_h400_seq512_pred96_seed3_initseed11.txt,Random Init,testing_uniSynthPSD_l0_d32_e10_mLLAMA3.2_n1b_f1_t100_c100_h400_seq512_pred96_initseed11,3,,0.53706,1.12847,uniSynthPSD_eval
../results/uniSynthPSD_eval/testing_uniSynthPSD_l0_d32_e10_mLLAMA3.2_n1b_f1_t100_c100_r0_h700_seq512_pred96_seed2_initseed11.txt,Language Pretrained,testing_uniSynthPSD_l0_d32_e10_mLLAMA3.2_n1b_f1_t100_c100_h700_seq512_pred96_initseed11,2,,0.26986,1.03939,uniSynthPSD_eval
../results/uniSynthPSD_eval/testing_uniSynthPSD_l0_d32_e10_mLLAMA3.2_n1b_f1_t100_c100_r1_h400_seq512_pred96_seed3_initseed12.txt,Random Init,testing_uniSynthPSD_l0_d32_e10_mLLAMA3.2_n1b_f1_t100_c100_h400_seq512_pred96_initseed12,3,,0.53706,1.12859,uniSynthPSD_eval
../results/uniSynthPSD_eval/testing_uniSynthPSD_l0_d32_e10_mLLAMA3.2_n1b_f1_t100_c100_r0_h700_seq512_pred96_seed3_initseed11.txt,Language Pretrained,testing_uniSynthPSD_l0_d32_e10_mLLAMA3.2_n1b_f1_t100_c100_h700_seq512_pred96_initseed11,3,,0.26986,1.07584,uniSynthPSD_eval
../results/uniSynthPSD_eval/testing_uniSynthPSD_l0_d32_e10_mLLAMA3.2_n1b_f1_t100_c100_r1_h400_seq512_pred96_seed3_initseed13.txt,Random Init,testing_uniSynthPSD_l0_d32_e10_mLLAMA3.2_n1b_f1_t100_c100_h400_seq512_pred96_initseed13,3,,0.53706,1.12602,uniSynthPSD_eval
../results/uniSynthPSD_eval/testing_uniSynthPSD_l0_d32_e10_mLLAMA3.2_n1b_f1_t100_c100_r0_h800_seq512_pred96_seed1_initseed11.txt,Language Pretrained,testing_uniSynthPSD_l0_d32_e10_mLLAMA3.2_n1b_f1_t100_c100_h800_seq512_pred96_initseed11,1,,0.27642,0.84412,uniSynthPSD_eval
../results/uniSynthPSD_eval/testing_uniSynthPSD_l0_d32_e10_mLLAMA3.2_n1b_f1_t100_c100_r1_h500_seq512_pred96_seed1_initseed11.txt,Random Init,testing_uniSynthPSD_l0_d32_e10_mLLAMA3.2_n1b_f1_t100_c100_h500_seq512_pred96_initseed11,1,,0.47353,0.98973,uniSynthPSD_eval
../results/uniSynthPSD_eval/testing_uniSynthPSD_l0_d32_e10_mLLAMA3.2_n1b_f1_t100_c100_r0_h800_seq512_pred96_seed2_initseed11.txt,Language Pretrained,testing_uniSynthPSD_l0_d32_e10_mLLAMA3.2_n1b_f1_t100_c100_h800_seq512_pred96_initseed11,2,,0.27642,0.86848,uniSynthPSD_eval
../results/uniSynthPSD_eval/testing_uniSynthPSD_l0_d32_e10_mLLAMA3.2_n1b_f1_t100_c100_r1_h500_seq512_pred96_seed1_initseed12.txt,Random Init,testing_uniSynthPSD_l0_d32_e10_mLLAMA3.2_n1b_f1_t100_c100_h500_seq512_pred96_initseed12,1,,0.47353,1.00562,uniSynthPSD_eval
../results/uniSynthPSD_eval/testing_uniSynthPSD_l0_d32_e10_mLLAMA3.2_n1b_f1_t100_c100_r0_h800_seq512_pred96_seed3_initseed11.txt,Language Pretrained,testing_uniSynthPSD_l0_d32_e10_mLLAMA3.2_n1b_f1_t100_c100_h800_seq512_pred96_initseed11,3,,0.27642,0.86818,uniSynthPSD_eval
../results/uniSynthPSD_eval/testing_uniSynthPSD_l0_d32_e10_mLLAMA3.2_n1b_f1_t100_c100_r1_h500_seq512_pred96_seed1_initseed13.txt,Random Init,testing_uniSynthPSD_l0_d32_e10_mLLAMA3.2_n1b_f1_t100_c100_h500_seq512_pred96_initseed13,1,,0.47353,0.99014,uniSynthPSD_eval
../results/uniSynthPSD_eval/testing_uniSynthPSD_l0_d32_e10_mLLAMA3.2_n1b_f1_t100_c100_r1_h500_seq512_pred96_seed2_initseed11.txt,Random Init,testing_uniSynthPSD_l0_d32_e10_mLLAMA3.2_n1b_f1_t100_c100_h500_seq512_pred96_initseed11,2,,0.47353,0.99582,uniSynthPSD_eval
../results/uniSynthPSD_eval/testing_uniSynthPSD_l0_d32_e10_mLLAMA3.2_n1b_f1_t100_c100_r1_h500_seq512_pred96_seed2_initseed12.txt,Random Init,testing_uniSynthPSD_l0_d32_e10_mLLAMA3.2_n1b_f1_t100_c100_h500_seq512_pred96_initseed12,2,,0.47353,1.00143,uniSynthPSD_eval
../results/uniSynthPSD_eval/testing_uniSynthPSD_l0_d32_e10_mLLAMA3.2_n1b_f1_t100_c100_r1_h500_seq512_pred96_seed2_initseed13.txt,Random Init,testing_uniSynthPSD_l0_d32_e10_mLLAMA3.2_n1b_f1_t100_c100_h500_seq512_pred96_initseed13,2,,0.47353,0.99723,uniSynthPSD_eval
../results/uniSynthPSD_eval/testing_uniSynthPSD_l0_d32_e10_mLLAMA3.2_n1b_f1_t100_c100_r1_h500_seq512_pred96_seed3_initseed11.txt,Random Init,testing_uniSynthPSD_l0_d32_e10_mLLAMA3.2_n1b_f1_t100_c100_h500_seq512_pred96_initseed11,3,,0.47353,0.99428,uniSynthPSD_eval
../results/uniSynthPSD_eval/testing_uniSynthPSD_l0_d32_e10_mLLAMA3.2_n1b_f1_t100_c100_r1_h500_seq512_pred96_seed3_initseed12.txt,Random Init,testing_uniSynthPSD_l0_d32_e10_mLLAMA3.2_n1b_f1_t100_c100_h500_seq512_pred96_initseed12,3,,0.47353,0.99591,uniSynthPSD_eval
../results/uniSynthPSD_eval/testing_uniSynthPSD_l0_d32_e10_mLLAMA3.2_n1b_f1_t100_c100_r1_h500_seq512_pred96_seed3_initseed13.txt,Random Init,testing_uniSynthPSD_l0_d32_e10_mLLAMA3.2_n1b_f1_t100_c100_h500_seq512_pred96_initseed13,3,,0.47353,1.01262,uniSynthPSD_eval
../results/uniSynthPSD_eval/testing_uniSynthPSD_l0_d32_e10_mLLAMA3.2_n1b_f1_t100_c100_r1_h600_seq512_pred96_seed1_initseed11.txt,Random Init,testing_uniSynthPSD_l0_d32_e10_mLLAMA3.2_n1b_f1_t100_c100_h600_seq512_pred96_initseed11,1,,0.314,0.89665,uniSynthPSD_eval
../results/uniSynthPSD_eval/testing_uniSynthPSD_l0_d32_e10_mLLAMA3.2_n1b_f1_t100_c100_r1_h600_seq512_pred96_seed1_initseed12.txt,Random Init,testing_uniSynthPSD_l0_d32_e10_mLLAMA3.2_n1b_f1_t100_c100_h600_seq512_pred96_initseed12,1,,0.314,0.90366,uniSynthPSD_eval
../results/uniSynthPSD_eval/testing_uniSynthPSD_l0_d32_e10_mLLAMA3.2_n1b_f1_t100_c100_r1_h600_seq512_pred96_seed1_initseed13.txt,Random Init,testing_uniSynthPSD_l0_d32_e10_mLLAMA3.2_n1b_f1_t100_c100_h600_seq512_pred96_initseed13,1,,0.314,0.90866,uniSynthPSD_eval
../results/uniSynthPSD_eval/testing_uniSynthPSD_l0_d32_e10_mLLAMA3.2_n1b_f1_t100_c100_r1_h600_seq512_pred96_seed2_initseed11.txt,Random Init,testing_uniSynthPSD_l0_d32_e10_mLLAMA3.2_n1b_f1_t100_c100_h600_seq512_pred96_initseed11,2,,0.314,0.92211,uniSynthPSD_eval
../results/uniSynthPSD_eval/testing_uniSynthPSD_l0_d32_e10_mLLAMA3.2_n1b_f1_t100_c100_r1_h600_seq512_pred96_seed2_initseed12.txt,Random Init,testing_uniSynthPSD_l0_d32_e10_mLLAMA3.2_n1b_f1_t100_c100_h600_seq512_pred96_initseed12,2,,0.314,0.92812,uniSynthPSD_eval
../results/uniSynthPSD_eval/testing_uniSynthPSD_l0_d32_e10_mLLAMA3.2_n1b_f1_t100_c100_r1_h600_seq512_pred96_seed2_initseed13.txt,Random Init,testing_uniSynthPSD_l0_d32_e10_mLLAMA3.2_n1b_f1_t100_c100_h600_seq512_pred96_initseed13,2,,0.314,0.91004,uniSynthPSD_eval
../results/uniSynthPSD_eval/testing_uniSynthPSD_l0_d32_e10_mLLAMA3.2_n1b_f1_t100_c100_r1_h600_seq512_pred96_seed3_initseed11.txt,Random Init,testing_uniSynthPSD_l0_d32_e10_mLLAMA3.2_n1b_f1_t100_c100_h600_seq512_pred96_initseed11,3,,0.314,0.94959,uniSynthPSD_eval
../results/uniSynthPSD_eval/testing_uniSynthPSD_l0_d32_e10_mLLAMA3.2_n1b_f1_t100_c100_r1_h600_seq512_pred96_seed3_initseed12.txt,Random Init,testing_uniSynthPSD_l0_d32_e10_mLLAMA3.2_n1b_f1_t100_c100_h600_seq512_pred96_initseed12,3,,0.314,0.93879,uniSynthPSD_eval
../results/uniSynthPSD_eval/testing_uniSynthPSD_l0_d32_e10_mLLAMA3.2_n1b_f1_t100_c100_r1_h600_seq512_pred96_seed3_initseed13.txt,Random Init,testing_uniSynthPSD_l0_d32_e10_mLLAMA3.2_n1b_f1_t100_c100_h600_seq512_pred96_initseed13,3,,0.314,0.92054,uniSynthPSD_eval
../results/uniSynthPSD_eval/testing_uniSynthPSD_l0_d32_e10_mLLAMA3.2_n1b_f1_t100_c100_r1_h700_seq512_pred96_seed1_initseed11.txt,Random Init,testing_uniSynthPSD_l0_d32_e10_mLLAMA3.2_n1b_f1_t100_c100_h700_seq512_pred96_initseed11,1,,0.26986,1.08967,uniSynthPSD_eval
../results/uniSynthPSD_eval/testing_uniSynthPSD_l0_d32_e10_mLLAMA3.2_n1b_f1_t100_c100_r1_h700_seq512_pred96_seed1_initseed12.txt,Random Init,testing_uniSynthPSD_l0_d32_e10_mLLAMA3.2_n1b_f1_t100_c100_h700_seq512_pred96_initseed12,1,,0.26986,1.0763,uniSynthPSD_eval
../results/uniSynthPSD_eval/testing_uniSynthPSD_l0_d32_e10_mLLAMA3.2_n1b_f1_t100_c100_r1_h700_seq512_pred96_seed1_initseed13.txt,Random Init,testing_uniSynthPSD_l0_d32_e10_mLLAMA3.2_n1b_f1_t100_c100_h700_seq512_pred96_initseed13,1,,0.26986,1.08799,uniSynthPSD_eval
../results/uniSynthPSD_eval/testing_uniSynthPSD_l0_d32_e10_mLLAMA3.2_n1b_f1_t100_c100_r1_h700_seq512_pred96_seed2_initseed11.txt,Random Init,testing_uniSynthPSD_l0_d32_e10_mLLAMA3.2_n1b_f1_t100_c100_h700_seq512_pred96_initseed11,2,,0.26986,1.1045,uniSynthPSD_eval
../results/uniSynthPSD_eval/testing_uniSynthPSD_l0_d32_e10_mLLAMA3.2_n1b_f1_t100_c100_r1_h700_seq512_pred96_seed2_initseed12.txt,Random Init,testing_uniSynthPSD_l0_d32_e10_mLLAMA3.2_n1b_f1_t100_c100_h700_seq512_pred96_initseed12,2,,0.26986,1.09054,uniSynthPSD_eval
../results/uniSynthPSD_eval/testing_uniSynthPSD_l0_d32_e10_mLLAMA3.2_n1b_f1_t100_c100_r1_h700_seq512_pred96_seed2_initseed13.txt,Random Init,testing_uniSynthPSD_l0_d32_e10_mLLAMA3.2_n1b_f1_t100_c100_h700_seq512_pred96_initseed13,2,,0.26986,1.0827,uniSynthPSD_eval
../results/uniSynthPSD_eval/testing_uniSynthPSD_l0_d32_e10_mLLAMA3.2_n1b_f1_t100_c100_r1_h700_seq512_pred96_seed3_initseed11.txt,Random Init,testing_uniSynthPSD_l0_d32_e10_mLLAMA3.2_n1b_f1_t100_c100_h700_seq512_pred96_initseed11,3,,0.26986,1.10352,uniSynthPSD_eval
../results/uniSynthPSD_eval/testing_uniSynthPSD_l0_d32_e10_mLLAMA3.2_n1b_f1_t100_c100_r1_h700_seq512_pred96_seed3_initseed12.txt,Random Init,testing_uniSynthPSD_l0_d32_e10_mLLAMA3.2_n1b_f1_t100_c100_h700_seq512_pred96_initseed12,3,,0.26986,1.10011,uniSynthPSD_eval
../results/uniSynthPSD_eval/testing_uniSynthPSD_l0_d32_e10_mLLAMA3.2_n1b_f1_t100_c100_r1_h700_seq512_pred96_seed3_initseed13.txt,Random Init,testing_uniSynthPSD_l0_d32_e10_mLLAMA3.2_n1b_f1_t100_c100_h700_seq512_pred96_initseed13,3,,0.26986,1.09764,uniSynthPSD_eval
../results/uniSynthPSD_eval/testing_uniSynthPSD_l0_d32_e10_mLLAMA3.2_n1b_f1_t100_c100_r1_h800_seq512_pred96_seed1_initseed11.txt,Random Init,testing_uniSynthPSD_l0_d32_e10_mLLAMA3.2_n1b_f1_t100_c100_h800_seq512_pred96_initseed11,1,,0.27642,0.88671,uniSynthPSD_eval
../results/uniSynthPSD_eval/testing_uniSynthPSD_l0_d32_e10_mLLAMA3.2_n1b_f1_t100_c100_r1_h800_seq512_pred96_seed1_initseed12.txt,Random Init,testing_uniSynthPSD_l0_d32_e10_mLLAMA3.2_n1b_f1_t100_c100_h800_seq512_pred96_initseed12,1,,0.27642,0.87282,uniSynthPSD_eval
../results/uniSynthPSD_eval/testing_uniSynthPSD_l0_d32_e10_mLLAMA3.2_n1b_f1_t100_c100_r1_h800_seq512_pred96_seed1_initseed13.txt,Random Init,testing_uniSynthPSD_l0_d32_e10_mLLAMA3.2_n1b_f1_t100_c100_h800_seq512_pred96_initseed13,1,,0.27642,0.87118,uniSynthPSD_eval
../results/uniSynthPSD_eval/testing_uniSynthPSD_l0_d32_e10_mLLAMA3.2_n1b_f1_t100_c100_r1_h800_seq512_pred96_seed2_initseed11.txt,Random Init,testing_uniSynthPSD_l0_d32_e10_mLLAMA3.2_n1b_f1_t100_c100_h800_seq512_pred96_initseed11,2,,0.27642,0.88736,uniSynthPSD_eval
../results/uniSynthPSD_eval/testing_uniSynthPSD_l0_d32_e10_mLLAMA3.2_n1b_f1_t100_c100_r1_h800_seq512_pred96_seed2_initseed12.txt,Random Init,testing_uniSynthPSD_l0_d32_e10_mLLAMA3.2_n1b_f1_t100_c100_h800_seq512_pred96_initseed12,2,,0.27642,0.84897,uniSynthPSD_eval
../results/uniSynthPSD_eval/testing_uniSynthPSD_l0_d32_e10_mLLAMA3.2_n1b_f1_t100_c100_r1_h800_seq512_pred96_seed2_initseed13.txt,Random Init,testing_uniSynthPSD_l0_d32_e10_mLLAMA3.2_n1b_f1_t100_c100_h800_seq512_pred96_initseed13,2,,0.27642,0.86577,uniSynthPSD_eval
../results/uniSynthPSD_eval/testing_uniSynthPSD_l0_d32_e10_mLLAMA3.2_n1b_f1_t100_c100_r1_h800_seq512_pred96_seed3_initseed11.txt,Random Init,testing_uniSynthPSD_l0_d32_e10_mLLAMA3.2_n1b_f1_t100_c100_h800_seq512_pred96_initseed11,3,,0.27642,0.8559,uniSynthPSD_eval
../results/uniSynthPSD_eval/testing_uniSynthPSD_l0_d32_e10_mLLAMA3.2_n1b_f1_t100_c100_r1_h800_seq512_pred96_seed3_initseed12.txt,Random Init,testing_uniSynthPSD_l0_d32_e10_mLLAMA3.2_n1b_f1_t100_c100_h800_seq512_pred96_initseed12,3,,0.27642,0.87609,uniSynthPSD_eval
../results/uniSynthPSD_eval/testing_uniSynthPSD_l0_d32_e10_mLLAMA3.2_n1b_f1_t100_c100_r1_h800_seq512_pred96_seed3_initseed13.txt,Random Init,testing_uniSynthPSD_l0_d32_e10_mLLAMA3.2_n1b_f1_t100_c100_h800_seq512_pred96_initseed13,3,,0.27642,0.89699,uniSynthPSD_eval
