log_path,model,base_key,seed,init_seed,se,smape
../results/spectralUniTest/spectralUniTest_CISO_solar_heldout_l0_d32_e10_mLLAMA3.2_n1b_f1_t100_c100_r0_seq512_pred96_seed1_initseed11.txt,Language Pretrained,spectralUniTest_CISO_solar_heldout_l0_d32_e10_mLLAMA3.2_n1b_f1_t100_c100_seq512_pred96_initseed11,1,,0.30375,0.83721
../results/spectralUniTest/spectralUniTest_FR_wind_heldout_l0_d32_e10_mLLAMA3.2_n1b_f1_t100_c100_r0_seq512_pred96_seed1_initseed11.txt,Language Pretrained,spectralUniTest_FR_wind_heldout_l0_d32_e10_mLLAMA3.2_n1b_f1_t100_c100_seq512_pred96_initseed11,1,,0.45675,1.11785
../results/spectralUniTest/spectralUniTest_SWPP_nat_gas_heldout_l0_d32_e10_mLLAMA3.2_n1b_f1_t100_c100_r0_seq512_pred96_seed1_initseed11.txt,Language Pretrained,spectralUniTest_SWPP_nat_gas_heldout_l0_d32_e10_mLLAMA3.2_n1b_f1_t100_c100_seq512_pred96_initseed11,1,,0.45953,1.01996
../results/spectralUniTest/spectralUniTest_PJM_oil_heldout_l0_d32_e10_mLLAMA3.2_n1b_f1_t100_c100_r0_seq512_pred96_seed1_initseed11.txt,Language Pretrained,spectralUniTest_PJM_oil_heldout_l0_d32_e10_mLLAMA3.2_n1b_f1_t100_c100_seq512_pred96_initseed11,1,,0.66366,0.92746
../results/spectralUniTest/spectralUniTest_PJM_nat_gas_heldout_l0_d32_e10_mLLAMA3.2_n1b_f1_t100_c100_r0_seq512_pred96_seed1_initseed11.txt,Language Pretrained,spectralUniTest_PJM_nat_gas_heldout_l0_d32_e10_mLLAMA3.2_n1b_f1_t100_c100_seq512_pred96_initseed11,1,,0.46377,0.9242
../results/spectralUniTest/spectralUniTest_FR_wind_heldout_l0_d32_e10_mLLAMA3.2_n1b_f1_t100_c100_r0_seq512_pred96_seed2_initseed11.txt,Language Pretrained,spectralUniTest_FR_wind_heldout_l0_d32_e10_mLLAMA3.2_n1b_f1_t100_c100_seq512_pred96_initseed11,2,,0.45675,1.10092
../results/spectralUniTest/spectralUniTest_CISO_solar_heldout_l0_d32_e10_mLLAMA3.2_n1b_f1_t100_c100_r0_seq512_pred96_seed2_initseed11.txt,Language Pretrained,spectralUniTest_CISO_solar_heldout_l0_d32_e10_mLLAMA3.2_n1b_f1_t100_c100_seq512_pred96_initseed11,2,,0.30375,0.66615
../results/spectralUniTest/spectralUniTest_FR_wind_heldout_l0_d32_e10_mLLAMA3.2_n1b_f1_t100_c100_r0_seq512_pred96_seed3_initseed11.txt,Language Pretrained,spectralUniTest_FR_wind_heldout_l0_d32_e10_mLLAMA3.2_n1b_f1_t100_c100_seq512_pred96_initseed11,3,,0.45675,1.12137
../results/spectralUniTest/spectralUniTest_SWPP_nat_gas_heldout_l0_d32_e10_mLLAMA3.2_n1b_f1_t100_c100_r0_seq512_pred96_seed2_initseed11.txt,Language Pretrained,spectralUniTest_SWPP_nat_gas_heldout_l0_d32_e10_mLLAMA3.2_n1b_f1_t100_c100_seq512_pred96_initseed11,2,,0.45953,1.00036
../results/spectralUniTest/spectralUniTest_PJM_oil_heldout_l0_d32_e10_mLLAMA3.2_n1b_f1_t100_c100_r0_seq512_pred96_seed2_initseed11.txt,Language Pretrained,spectralUniTest_PJM_oil_heldout_l0_d32_e10_mLLAMA3.2_n1b_f1_t100_c100_seq512_pred96_initseed11,2,,0.66366,0.93106
../results/spectralUniTest/spectralUniTest_PJM_nat_gas_heldout_l0_d32_e10_mLLAMA3.2_n1b_f1_t100_c100_r0_seq512_pred96_seed2_initseed11.txt,Language Pretrained,spectralUniTest_PJM_nat_gas_heldout_l0_d32_e10_mLLAMA3.2_n1b_f1_t100_c100_seq512_pred96_initseed11,2,,0.46377,0.90695
../results/spectralUniTest/spectralUniTest_CISO_solar_heldout_l0_d32_e10_mLLAMA3.2_n1b_f1_t100_c100_r0_seq512_pred96_seed3_initseed11.txt,Language Pretrained,spectralUniTest_CISO_solar_heldout_l0_d32_e10_mLLAMA3.2_n1b_f1_t100_c100_seq512_pred96_initseed11,3,,0.30375,0.87648
../results/spectralUniTest/spectralUniTest_FR_wind_heldout_l0_d32_e10_mLLAMA3.2_n1b_f1_t100_c100_r1_seq512_pred96_seed1_initseed11.txt,Random Init,spectralUniTest_FR_wind_heldout_l0_d32_e10_mLLAMA3.2_n1b_f1_t100_c100_seq512_pred96_initseed11,1,,0.45675,1.09472
../results/spectralUniTest/spectralUniTest_SWPP_nat_gas_heldout_l0_d32_e10_mLLAMA3.2_n1b_f1_t100_c100_r0_seq512_pred96_seed3_initseed11.txt,Language Pretrained,spectralUniTest_SWPP_nat_gas_heldout_l0_d32_e10_mLLAMA3.2_n1b_f1_t100_c100_seq512_pred96_initseed11,3,,0.45953,1.01911
../results/spectralUniTest/spectralUniTest_PJM_oil_heldout_l0_d32_e10_mLLAMA3.2_n1b_f1_t100_c100_r0_seq512_pred96_seed3_initseed11.txt,Language Pretrained,spectralUniTest_PJM_oil_heldout_l0_d32_e10_mLLAMA3.2_n1b_f1_t100_c100_seq512_pred96_initseed11,3,,0.66366,1.01441
../results/spectralUniTest/spectralUniTest_PJM_nat_gas_heldout_l0_d32_e10_mLLAMA3.2_n1b_f1_t100_c100_r0_seq512_pred96_seed3_initseed11.txt,Language Pretrained,spectralUniTest_PJM_nat_gas_heldout_l0_d32_e10_mLLAMA3.2_n1b_f1_t100_c100_seq512_pred96_initseed11,3,,0.46377,0.88811
../results/spectralUniTest/spectralUniTest_FR_wind_heldout_l0_d32_e10_mLLAMA3.2_n1b_f1_t100_c100_r1_seq512_pred96_seed1_initseed12.txt,Random Init,spectralUniTest_FR_wind_heldout_l0_d32_e10_mLLAMA3.2_n1b_f1_t100_c100_seq512_pred96_initseed12,1,,0.45675,1.15181
../results/spectralUniTest/spectralUniTest_CISO_solar_heldout_l0_d32_e10_mLLAMA3.2_n1b_f1_t100_c100_r1_seq512_pred96_seed1_initseed11.txt,Random Init,spectralUniTest_CISO_solar_heldout_l0_d32_e10_mLLAMA3.2_n1b_f1_t100_c100_seq512_pred96_initseed11,1,,0.30375,0.56334
../results/spectralUniTest/spectralUniTest_FR_wind_heldout_l0_d32_e10_mLLAMA3.2_n1b_f1_t100_c100_r1_seq512_pred96_seed1_initseed13.txt,Random Init,spectralUniTest_FR_wind_heldout_l0_d32_e10_mLLAMA3.2_n1b_f1_t100_c100_seq512_pred96_initseed13,1,,0.45675,1.15712
../results/spectralUniTest/spectralUniTest_PJM_oil_heldout_l0_d32_e10_mLLAMA3.2_n1b_f1_t100_c100_r1_seq512_pred96_seed1_initseed11.txt,Random Init,spectralUniTest_PJM_oil_heldout_l0_d32_e10_mLLAMA3.2_n1b_f1_t100_c100_seq512_pred96_initseed11,1,,0.66366,1.01391
../results/spectralUniTest/spectralUniTest_SWPP_nat_gas_heldout_l0_d32_e10_mLLAMA3.2_n1b_f1_t100_c100_r1_seq512_pred96_seed1_initseed11.txt,Random Init,spectralUniTest_SWPP_nat_gas_heldout_l0_d32_e10_mLLAMA3.2_n1b_f1_t100_c100_seq512_pred96_initseed11,1,,0.45953,0.97371
../results/spectralUniTest/spectralUniTest_PJM_nat_gas_heldout_l0_d32_e10_mLLAMA3.2_n1b_f1_t100_c100_r1_seq512_pred96_seed1_initseed11.txt,Random Init,spectralUniTest_PJM_nat_gas_heldout_l0_d32_e10_mLLAMA3.2_n1b_f1_t100_c100_seq512_pred96_initseed11,1,,0.46377,0.87783
../results/spectralUniTest/spectralUniTest_CISO_solar_heldout_l0_d32_e10_mLLAMA3.2_n1b_f1_t100_c100_r1_seq512_pred96_seed1_initseed12.txt,Random Init,spectralUniTest_CISO_solar_heldout_l0_d32_e10_mLLAMA3.2_n1b_f1_t100_c100_seq512_pred96_initseed12,1,,0.30375,0.73472
../results/spectralUniTest/spectralUniTest_FR_wind_heldout_l0_d32_e10_mLLAMA3.2_n1b_f1_t100_c100_r1_seq512_pred96_seed2_initseed11.txt,Random Init,spectralUniTest_FR_wind_heldout_l0_d32_e10_mLLAMA3.2_n1b_f1_t100_c100_seq512_pred96_initseed11,2,,0.45675,1.10189
../results/spectralUniTest/spectralUniTest_SWPP_nat_gas_heldout_l0_d32_e10_mLLAMA3.2_n1b_f1_t100_c100_r1_seq512_pred96_seed1_initseed12.txt,Random Init,spectralUniTest_SWPP_nat_gas_heldout_l0_d32_e10_mLLAMA3.2_n1b_f1_t100_c100_seq512_pred96_initseed12,1,,0.45953,1.01225
../results/spectralUniTest/spectralUniTest_PJM_oil_heldout_l0_d32_e10_mLLAMA3.2_n1b_f1_t100_c100_r1_seq512_pred96_seed1_initseed12.txt,Random Init,spectralUniTest_PJM_oil_heldout_l0_d32_e10_mLLAMA3.2_n1b_f1_t100_c100_seq512_pred96_initseed12,1,,0.66366,1.07481
../results/spectralUniTest/spectralUniTest_FR_wind_heldout_l0_d32_e10_mLLAMA3.2_n1b_f1_t100_c100_r1_seq512_pred96_seed2_initseed12.txt,Random Init,spectralUniTest_FR_wind_heldout_l0_d32_e10_mLLAMA3.2_n1b_f1_t100_c100_seq512_pred96_initseed12,2,,0.45675,1.09122
../results/spectralUniTest/spectralUniTest_CISO_solar_heldout_l0_d32_e10_mLLAMA3.2_n1b_f1_t100_c100_r1_seq512_pred96_seed1_initseed13.txt,Random Init,spectralUniTest_CISO_solar_heldout_l0_d32_e10_mLLAMA3.2_n1b_f1_t100_c100_seq512_pred96_initseed13,1,,0.30375,0.77893
../results/spectralUniTest/spectralUniTest_PJM_nat_gas_heldout_l0_d32_e10_mLLAMA3.2_n1b_f1_t100_c100_r1_seq512_pred96_seed1_initseed12.txt,Random Init,spectralUniTest_PJM_nat_gas_heldout_l0_d32_e10_mLLAMA3.2_n1b_f1_t100_c100_seq512_pred96_initseed12,1,,0.46377,0.89117
../results/spectralUniTest/spectralUniTest_FR_wind_heldout_l0_d32_e10_mLLAMA3.2_n1b_f1_t100_c100_r1_seq512_pred96_seed2_initseed13.txt,Random Init,spectralUniTest_FR_wind_heldout_l0_d32_e10_mLLAMA3.2_n1b_f1_t100_c100_seq512_pred96_initseed13,2,,0.45675,1.12154
../results/spectralUniTest/spectralUniTest_SWPP_nat_gas_heldout_l0_d32_e10_mLLAMA3.2_n1b_f1_t100_c100_r1_seq512_pred96_seed1_initseed13.txt,Random Init,spectralUniTest_SWPP_nat_gas_heldout_l0_d32_e10_mLLAMA3.2_n1b_f1_t100_c100_seq512_pred96_initseed13,1,,0.45953,1.02459
../results/spectralUniTest/spectralUniTest_PJM_oil_heldout_l0_d32_e10_mLLAMA3.2_n1b_f1_t100_c100_r1_seq512_pred96_seed1_initseed13.txt,Random Init,spectralUniTest_PJM_oil_heldout_l0_d32_e10_mLLAMA3.2_n1b_f1_t100_c100_seq512_pred96_initseed13,1,,0.66366,1.12466
../results/spectralUniTest/spectralUniTest_CISO_solar_heldout_l0_d32_e10_mLLAMA3.2_n1b_f1_t100_c100_r1_seq512_pred96_seed2_initseed11.txt,Random Init,spectralUniTest_CISO_solar_heldout_l0_d32_e10_mLLAMA3.2_n1b_f1_t100_c100_seq512_pred96_initseed11,2,,0.30375,0.76033
../results/spectralUniTest/spectralUniTest_PJM_nat_gas_heldout_l0_d32_e10_mLLAMA3.2_n1b_f1_t100_c100_r1_seq512_pred96_seed1_initseed13.txt,Random Init,spectralUniTest_PJM_nat_gas_heldout_l0_d32_e10_mLLAMA3.2_n1b_f1_t100_c100_seq512_pred96_initseed13,1,,0.46377,0.88909
../results/spectralUniTest/spectralUniTest_FR_wind_heldout_l0_d32_e10_mLLAMA3.2_n1b_f1_t100_c100_r1_seq512_pred96_seed3_initseed11.txt,Random Init,spectralUniTest_FR_wind_heldout_l0_d32_e10_mLLAMA3.2_n1b_f1_t100_c100_seq512_pred96_initseed11,3,,0.45675,1.12757
../results/spectralUniTest/spectralUniTest_FR_wind_heldout_l0_d32_e10_mLLAMA3.2_n1b_f1_t100_c100_r1_seq512_pred96_seed3_initseed12.txt,Random Init,spectralUniTest_FR_wind_heldout_l0_d32_e10_mLLAMA3.2_n1b_f1_t100_c100_seq512_pred96_initseed12,3,,0.45675,1.1389
../results/spectralUniTest/spectralUniTest_SWPP_nat_gas_heldout_l0_d32_e10_mLLAMA3.2_n1b_f1_t100_c100_r1_seq512_pred96_seed2_initseed11.txt,Random Init,spectralUniTest_SWPP_nat_gas_heldout_l0_d32_e10_mLLAMA3.2_n1b_f1_t100_c100_seq512_pred96_initseed11,2,,0.45953,1.00411
../results/spectralUniTest/spectralUniTest_PJM_oil_heldout_l0_d32_e10_mLLAMA3.2_n1b_f1_t100_c100_r1_seq512_pred96_seed2_initseed11.txt,Random Init,spectralUniTest_PJM_oil_heldout_l0_d32_e10_mLLAMA3.2_n1b_f1_t100_c100_seq512_pred96_initseed11,2,,0.66366,0.99344
../results/spectralUniTest/spectralUniTest_CISO_solar_heldout_l0_d32_e10_mLLAMA3.2_n1b_f1_t100_c100_r1_seq512_pred96_seed2_initseed12.txt,Random Init,spectralUniTest_CISO_solar_heldout_l0_d32_e10_mLLAMA3.2_n1b_f1_t100_c100_seq512_pred96_initseed12,2,,0.30375,0.64868
../results/spectralUniTest/spectralUniTest_PJM_nat_gas_heldout_l0_d32_e10_mLLAMA3.2_n1b_f1_t100_c100_r1_seq512_pred96_seed2_initseed11.txt,Random Init,spectralUniTest_PJM_nat_gas_heldout_l0_d32_e10_mLLAMA3.2_n1b_f1_t100_c100_seq512_pred96_initseed11,2,,0.46377,0.91499
../results/spectralUniTest/spectralUniTest_FR_wind_heldout_l0_d32_e10_mLLAMA3.2_n1b_f1_t100_c100_r1_seq512_pred96_seed3_initseed13.txt,Random Init,spectralUniTest_FR_wind_heldout_l0_d32_e10_mLLAMA3.2_n1b_f1_t100_c100_seq512_pred96_initseed13,3,,0.45675,1.14372
../results/spectralUniTest/spectralUniTest_SWPP_nat_gas_heldout_l0_d32_e10_mLLAMA3.2_n1b_f1_t100_c100_r1_seq512_pred96_seed2_initseed12.txt,Random Init,spectralUniTest_SWPP_nat_gas_heldout_l0_d32_e10_mLLAMA3.2_n1b_f1_t100_c100_seq512_pred96_initseed12,2,,0.45953,0.98371
../results/spectralUniTest/spectralUniTest_PJM_oil_heldout_l0_d32_e10_mLLAMA3.2_n1b_f1_t100_c100_r1_seq512_pred96_seed2_initseed12.txt,Random Init,spectralUniTest_PJM_oil_heldout_l0_d32_e10_mLLAMA3.2_n1b_f1_t100_c100_seq512_pred96_initseed12,2,,0.66366,1.00228
../results/spectralUniTest/spectralUniTest_CISO_solar_heldout_l0_d32_e10_mLLAMA3.2_n1b_f1_t100_c100_r1_seq512_pred96_seed2_initseed13.txt,Random Init,spectralUniTest_CISO_solar_heldout_l0_d32_e10_mLLAMA3.2_n1b_f1_t100_c100_seq512_pred96_initseed13,2,,0.30375,0.70828
../results/spectralUniTest/spectralUniTest_PJM_nat_gas_heldout_l0_d32_e10_mLLAMA3.2_n1b_f1_t100_c100_r1_seq512_pred96_seed2_initseed12.txt,Random Init,spectralUniTest_PJM_nat_gas_heldout_l0_d32_e10_mLLAMA3.2_n1b_f1_t100_c100_seq512_pred96_initseed12,2,,0.46377,0.88227
../results/spectralUniTest/spectralUniTest_SWPP_nat_gas_heldout_l0_d32_e10_mLLAMA3.2_n1b_f1_t100_c100_r1_seq512_pred96_seed2_initseed13.txt,Random Init,spectralUniTest_SWPP_nat_gas_heldout_l0_d32_e10_mLLAMA3.2_n1b_f1_t100_c100_seq512_pred96_initseed13,2,,0.45953,1.00661
../results/spectralUniTest/spectralUniTest_CISO_solar_heldout_l0_d32_e10_mLLAMA3.2_n1b_f1_t100_c100_r1_seq512_pred96_seed3_initseed11.txt,Random Init,spectralUniTest_CISO_solar_heldout_l0_d32_e10_mLLAMA3.2_n1b_f1_t100_c100_seq512_pred96_initseed11,3,,0.30375,0.79159
../results/spectralUniTest/spectralUniTest_PJM_oil_heldout_l0_d32_e10_mLLAMA3.2_n1b_f1_t100_c100_r1_seq512_pred96_seed2_initseed13.txt,Random Init,spectralUniTest_PJM_oil_heldout_l0_d32_e10_mLLAMA3.2_n1b_f1_t100_c100_seq512_pred96_initseed13,2,,0.66366,1.04524
../results/spectralUniTest/spectralUniTest_PJM_nat_gas_heldout_l0_d32_e10_mLLAMA3.2_n1b_f1_t100_c100_r1_seq512_pred96_seed2_initseed13.txt,Random Init,spectralUniTest_PJM_nat_gas_heldout_l0_d32_e10_mLLAMA3.2_n1b_f1_t100_c100_seq512_pred96_initseed13,2,,0.46377,0.88826
../results/spectralUniTest/spectralUniTest_SWPP_nat_gas_heldout_l0_d32_e10_mLLAMA3.2_n1b_f1_t100_c100_r1_seq512_pred96_seed3_initseed11.txt,Random Init,spectralUniTest_SWPP_nat_gas_heldout_l0_d32_e10_mLLAMA3.2_n1b_f1_t100_c100_seq512_pred96_initseed11,3,,0.45953,1.01365
../results/spectralUniTest/spectralUniTest_CISO_solar_heldout_l0_d32_e10_mLLAMA3.2_n1b_f1_t100_c100_r1_seq512_pred96_seed3_initseed12.txt,Random Init,spectralUniTest_CISO_solar_heldout_l0_d32_e10_mLLAMA3.2_n1b_f1_t100_c100_seq512_pred96_initseed12,3,,0.30375,0.80708
../results/spectralUniTest/spectralUniTest_PJM_oil_heldout_l0_d32_e10_mLLAMA3.2_n1b_f1_t100_c100_r1_seq512_pred96_seed3_initseed11.txt,Random Init,spectralUniTest_PJM_oil_heldout_l0_d32_e10_mLLAMA3.2_n1b_f1_t100_c100_seq512_pred96_initseed11,3,,0.66366,1.06436
../results/spectralUniTest/spectralUniTest_PJM_nat_gas_heldout_l0_d32_e10_mLLAMA3.2_n1b_f1_t100_c100_r1_seq512_pred96_seed3_initseed11.txt,Random Init,spectralUniTest_PJM_nat_gas_heldout_l0_d32_e10_mLLAMA3.2_n1b_f1_t100_c100_seq512_pred96_initseed11,3,,0.46377,0.89614
../results/spectralUniTest/spectralUniTest_SWPP_nat_gas_heldout_l0_d32_e10_mLLAMA3.2_n1b_f1_t100_c100_r1_seq512_pred96_seed3_initseed12.txt,Random Init,spectralUniTest_SWPP_nat_gas_heldout_l0_d32_e10_mLLAMA3.2_n1b_f1_t100_c100_seq512_pred96_initseed12,3,,0.45953,1.01071
../results/spectralUniTest/spectralUniTest_CISO_solar_heldout_l0_d32_e10_mLLAMA3.2_n1b_f1_t100_c100_r1_seq512_pred96_seed3_initseed13.txt,Random Init,spectralUniTest_CISO_solar_heldout_l0_d32_e10_mLLAMA3.2_n1b_f1_t100_c100_seq512_pred96_initseed13,3,,0.30375,0.9108
../results/spectralUniTest/spectralUniTest_PJM_oil_heldout_l0_d32_e10_mLLAMA3.2_n1b_f1_t100_c100_r1_seq512_pred96_seed3_initseed12.txt,Random Init,spectralUniTest_PJM_oil_heldout_l0_d32_e10_mLLAMA3.2_n1b_f1_t100_c100_seq512_pred96_initseed12,3,,0.66366,1.0717
../results/spectralUniTest/spectralUniTest_PJM_nat_gas_heldout_l0_d32_e10_mLLAMA3.2_n1b_f1_t100_c100_r1_seq512_pred96_seed3_initseed12.txt,Random Init,spectralUniTest_PJM_nat_gas_heldout_l0_d32_e10_mLLAMA3.2_n1b_f1_t100_c100_seq512_pred96_initseed12,3,,0.46377,0.89158
../results/spectralUniTest/spectralUniTest_SWPP_nat_gas_heldout_l0_d32_e10_mLLAMA3.2_n1b_f1_t100_c100_r1_seq512_pred96_seed3_initseed13.txt,Random Init,spectralUniTest_SWPP_nat_gas_heldout_l0_d32_e10_mLLAMA3.2_n1b_f1_t100_c100_seq512_pred96_initseed13,3,,0.45953,1.01933
../results/spectralUniTest/spectralUniTest_PJM_oil_heldout_l0_d32_e10_mLLAMA3.2_n1b_f1_t100_c100_r1_seq512_pred96_seed3_initseed13.txt,Random Init,spectralUniTest_PJM_oil_heldout_l0_d32_e10_mLLAMA3.2_n1b_f1_t100_c100_seq512_pred96_initseed13,3,,0.66366,1.0911
../results/spectralUniTest/spectralUniTest_PJM_nat_gas_heldout_l0_d32_e10_mLLAMA3.2_n1b_f1_t100_c100_r1_seq512_pred96_seed3_initseed13.txt,Random Init,spectralUniTest_PJM_nat_gas_heldout_l0_d32_e10_mLLAMA3.2_n1b_f1_t100_c100_seq512_pred96_initseed13,3,,0.46377,0.90144
