model,base_key,seed_filled,se_mean_seed,smape_mean_seed,n_inits
Language Pretrained,spectralUniTest_CISO_solar_heldout_l0_d32_e10_mLLAMA3.2_n1b_f1_t100_c100_seq512_pred96_initseed11,1,0.30375,0.83721,1
Language Pretrained,spectralUniTest_CISO_solar_heldout_l0_d32_e10_mLLAMA3.2_n1b_f1_t100_c100_seq512_pred96_initseed11,2,0.30375,0.66615,1
Language Pretrained,spectralUniTest_CISO_solar_heldout_l0_d32_e10_mLLAMA3.2_n1b_f1_t100_c100_seq512_pred96_initseed11,3,0.30375,0.87648,1
Language Pretrained,spectralUniTest_FR_wind_heldout_l0_d32_e10_mLLAMA3.2_n1b_f1_t100_c100_seq512_pred96_initseed11,1,0.45675,1.11785,1
Language Pretrained,spectralUniTest_FR_wind_heldout_l0_d32_e10_mLLAMA3.2_n1b_f1_t100_c100_seq512_pred96_initseed11,2,0.45675,1.10092,1
Language Pretrained,spectralUniTest_FR_wind_heldout_l0_d32_e10_mLLAMA3.2_n1b_f1_t100_c100_seq512_pred96_initseed11,3,0.45675,1.12137,1
Language Pretrained,spectralUniTest_PJM_nat_gas_heldout_l0_d32_e10_mLLAMA3.2_n1b_f1_t100_c100_seq512_pred96_initseed11,1,0.46377,0.9242,1
Language Pretrained,spectralUniTest_PJM_nat_gas_heldout_l0_d32_e10_mLLAMA3.2_n1b_f1_t100_c100_seq512_pred96_initseed11,2,0.46377,0.90695,1
Language Pretrained,spectralUniTest_PJM_nat_gas_heldout_l0_d32_e10_mLLAMA3.2_n1b_f1_t100_c100_seq512_pred96_initseed11,3,0.46377,0.88811,1
Language Pretrained,spectralUniTest_PJM_oil_heldout_l0_d32_e10_mLLAMA3.2_n1b_f1_t100_c100_seq512_pred96_initseed11,1,0.66366,0.92746,1
Language Pretrained,spectralUniTest_PJM_oil_heldout_l0_d32_e10_mLLAMA3.2_n1b_f1_t100_c100_seq512_pred96_initseed11,2,0.66366,0.93106,1
Language Pretrained,spectralUniTest_PJM_oil_heldout_l0_d32_e10_mLLAMA3.2_n1b_f1_t100_c100_seq512_pred96_initseed11,3,0.66366,1.01441,1
Language Pretrained,spectralUniTest_SWPP_nat_gas_heldout_l0_d32_e10_mLLAMA3.2_n1b_f1_t100_c100_seq512_pred96_initseed11,1,0.45953,1.01996,1
Language Pretrained,spectralUniTest_SWPP_nat_gas_heldout_l0_d32_e10_mLLAMA3.2_n1b_f1_t100_c100_seq512_pred96_initseed11,2,0.45953,1.00036,1
Language Pretrained,spectralUniTest_SWPP_nat_gas_heldout_l0_d32_e10_mLLAMA3.2_n1b_f1_t100_c100_seq512_pred96_initseed11,3,0.45953,1.01911,1
Random Init,spectralUniTest_CISO_solar_heldout_l0_d32_e10_mLLAMA3.2_n1b_f1_t100_c100_seq512_pred96_initseed11,1,0.30375,0.56334,1
Random Init,spectralUniTest_CISO_solar_heldout_l0_d32_e10_mLLAMA3.2_n1b_f1_t100_c100_seq512_pred96_initseed11,2,0.30375,0.76033,1
Random Init,spectralUniTest_CISO_solar_heldout_l0_d32_e10_mLLAMA3.2_n1b_f1_t100_c100_seq512_pred96_initseed11,3,0.30375,0.79159,1
Random Init,spectralUniTest_CISO_solar_heldout_l0_d32_e10_mLLAMA3.2_n1b_f1_t100_c100_seq512_pred96_initseed12,1,0.30375,0.73472,1
Random Init,spectralUniTest_CISO_solar_heldout_l0_d32_e10_mLLAMA3.2_n1b_f1_t100_c100_seq512_pred96_initseed12,2,0.30375,0.64868,1
Random Init,spectralUniTest_CISO_solar_heldout_l0_d32_e10_mLLAMA3.2_n1b_f1_t100_c100_seq512_pred96_initseed12,3,0.30375,0.80708,1
Random Init,spectralUniTest_CISO_solar_heldout_l0_d32_e10_mLLAMA3.2_n1b_f1_t100_c100_seq512_pred96_initseed13,1,0.30375,0.77893,1
Random Init,spectralUniTest_CISO_solar_heldout_l0_d32_e10_mLLAMA3.2_n1b_f1_t100_c100_seq512_pred96_initseed13,2,0.30375,0.70828,1
Random Init,spectralUniTest_CISO_solar_heldout_l0_d32_e10_mLLAMA3.2_n1b_f1_t100_c100_seq512_pred96_initseed13,3,0.30375,0.9108,1
Random Init,spectralUniTest_FR_wind_heldout_l0_d32_e10_mLLAMA3.2_n1b_f1_t100_c100_seq512_pred96_initseed11,1,0.45675,1.09472,1
Random Init,spectralUniTest_FR_wind_heldout_l0_d32_e10_mLLAMA3.2_n1b_f1_t100_c100_seq512_pred96_initseed11,2,0.45675,1.10189,1
Random Init,spectralUniTest_FR_wind_heldout_l0_d32_e10_mLLAMA3.2_n1b_f1_t100_c100_seq512_pred96_initseed11,3,0.45675,1.12757,1
Random Init,spectralUniTest_FR_wind_heldout_l0_d32_e10_mLLAMA3.2_n1b_f1_t100_c100_seq512_pred96_initseed12,1,0.45675,1.15181,1
Random Init,spectralUniTest_FR_wind_heldout_l0_d32_e10_mLLAMA3.2_n1b_f1_t100_c100_seq512_pred96_initseed12,2,0.45675,1.09122,1
Random Init,spectralUniTest_FR_wind_heldout_l0_d32_e10_mLLAMA3.2_n1b_f1_t100_c100_seq512_pred96_initseed12,3,0.45675,1.1389,1
Random Init,spectralUniTest_FR_wind_heldout_l0_d32_e10_mLLAMA3.2_n1b_f1_t100_c100_seq512_pred96_initseed13,1,0.45675,1.15712,1
Random Init,spectralUniTest_FR_wind_heldout_l0_d32_e10_mLLAMA3.2_n1b_f1_t100_c100_seq512_pred96_initseed13,2,0.45675,1.12154,1
Random Init,spectralUniTest_FR_wind_heldout_l0_d32_e10_mLLAMA3.2_n1b_f1_t100_c100_seq512_pred96_initseed13,3,0.45675,1.14372,1
Random Init,spectralUniTest_PJM_nat_gas_heldout_l0_d32_e10_mLLAMA3.2_n1b_f1_t100_c100_seq512_pred96_initseed11,1,0.46377,0.87783,1
Random Init,spectralUniTest_PJM_nat_gas_heldout_l0_d32_e10_mLLAMA3.2_n1b_f1_t100_c100_seq512_pred96_initseed11,2,0.46377,0.91499,1
Random Init,spectralUniTest_PJM_nat_gas_heldout_l0_d32_e10_mLLAMA3.2_n1b_f1_t100_c100_seq512_pred96_initseed11,3,0.46377,0.89614,1
Random Init,spectralUniTest_PJM_nat_gas_heldout_l0_d32_e10_mLLAMA3.2_n1b_f1_t100_c100_seq512_pred96_initseed12,1,0.46377,0.89117,1
Random Init,spectralUniTest_PJM_nat_gas_heldout_l0_d32_e10_mLLAMA3.2_n1b_f1_t100_c100_seq512_pred96_initseed12,2,0.46377,0.88227,1
Random Init,spectralUniTest_PJM_nat_gas_heldout_l0_d32_e10_mLLAMA3.2_n1b_f1_t100_c100_seq512_pred96_initseed12,3,0.46377,0.89158,1
Random Init,spectralUniTest_PJM_nat_gas_heldout_l0_d32_e10_mLLAMA3.2_n1b_f1_t100_c100_seq512_pred96_initseed13,1,0.46377,0.88909,1
Random Init,spectralUniTest_PJM_nat_gas_heldout_l0_d32_e10_mLLAMA3.2_n1b_f1_t100_c100_seq512_pred96_initseed13,2,0.46377,0.88826,1
Random Init,spectralUniTest_PJM_nat_gas_heldout_l0_d32_e10_mLLAMA3.2_n1b_f1_t100_c100_seq512_pred96_initseed13,3,0.46377,0.90144,1
Random Init,spectralUniTest_PJM_oil_heldout_l0_d32_e10_mLLAMA3.2_n1b_f1_t100_c100_seq512_pred96_initseed11,1,0.66366,1.01391,1
Random Init,spectralUniTest_PJM_oil_heldout_l0_d32_e10_mLLAMA3.2_n1b_f1_t100_c100_seq512_pred96_initseed11,2,0.66366,0.99344,1
Random Init,spectralUniTest_PJM_oil_heldout_l0_d32_e10_mLLAMA3.2_n1b_f1_t100_c100_seq512_pred96_initseed11,3,0.66366,1.06436,1
Random Init,spectralUniTest_PJM_oil_heldout_l0_d32_e10_mLLAMA3.2_n1b_f1_t100_c100_seq512_pred96_initseed12,1,0.66366,1.07481,1
Random Init,spectralUniTest_PJM_oil_heldout_l0_d32_e10_mLLAMA3.2_n1b_f1_t100_c100_seq512_pred96_initseed12,2,0.66366,1.00228,1
Random Init,spectralUniTest_PJM_oil_heldout_l0_d32_e10_mLLAMA3.2_n1b_f1_t100_c100_seq512_pred96_initseed12,3,0.66366,1.0717,1
Random Init,spectralUniTest_PJM_oil_heldout_l0_d32_e10_mLLAMA3.2_n1b_f1_t100_c100_seq512_pred96_initseed13,1,0.66366,1.12466,1
Random Init,spectralUniTest_PJM_oil_heldout_l0_d32_e10_mLLAMA3.2_n1b_f1_t100_c100_seq512_pred96_initseed13,2,0.66366,1.04524,1
Random Init,spectralUniTest_PJM_oil_heldout_l0_d32_e10_mLLAMA3.2_n1b_f1_t100_c100_seq512_pred96_initseed13,3,0.66366,1.0911,1
Random Init,spectralUniTest_SWPP_nat_gas_heldout_l0_d32_e10_mLLAMA3.2_n1b_f1_t100_c100_seq512_pred96_initseed11,1,0.45953,0.97371,1
Random Init,spectralUniTest_SWPP_nat_gas_heldout_l0_d32_e10_mLLAMA3.2_n1b_f1_t100_c100_seq512_pred96_initseed11,2,0.45953,1.00411,1
Random Init,spectralUniTest_SWPP_nat_gas_heldout_l0_d32_e10_mLLAMA3.2_n1b_f1_t100_c100_seq512_pred96_initseed11,3,0.45953,1.01365,1
Random Init,spectralUniTest_SWPP_nat_gas_heldout_l0_d32_e10_mLLAMA3.2_n1b_f1_t100_c100_seq512_pred96_initseed12,1,0.45953,1.01225,1
Random Init,spectralUniTest_SWPP_nat_gas_heldout_l0_d32_e10_mLLAMA3.2_n1b_f1_t100_c100_seq512_pred96_initseed12,2,0.45953,0.98371,1
Random Init,spectralUniTest_SWPP_nat_gas_heldout_l0_d32_e10_mLLAMA3.2_n1b_f1_t100_c100_seq512_pred96_initseed12,3,0.45953,1.01071,1
Random Init,spectralUniTest_SWPP_nat_gas_heldout_l0_d32_e10_mLLAMA3.2_n1b_f1_t100_c100_seq512_pred96_initseed13,1,0.45953,1.02459,1
Random Init,spectralUniTest_SWPP_nat_gas_heldout_l0_d32_e10_mLLAMA3.2_n1b_f1_t100_c100_seq512_pred96_initseed13,2,0.45953,1.00661,1
Random Init,spectralUniTest_SWPP_nat_gas_heldout_l0_d32_e10_mLLAMA3.2_n1b_f1_t100_c100_seq512_pred96_initseed13,3,0.45953,1.01933,1
