domain,x_metric,n,pearson_r,r_95ci_low,r_95ci_high,spearman_rho,kendall_tau_b,distance_corr,isotonic_R2,theilsen_slope,q25q75_delta_mean,q25q75_cohens_d,Q,df,I2,Q_pvalue,neg_slope_domains,K_domains,sign_test_p(one-sided)
CarbonCast,Omega,144,-0.5840915504904968,-0.6824627245243137,-0.4649372735118633,-0.6217175955205021,-0.4708111076336517,0.3347051296195323,0.4930168404788762,-0.7154977052885193,-0.3133991666666667,-2.376995904997395,,,,,,,
PEMS,Omega,144,-0.7316171409079822,-0.799511559876928,-0.6452630375517165,-0.8693975795080466,-0.7011123377013334,0.5807078532047482,0.8732837925641864,-1.200317377358692,-0.42223111111111117,-6.984040555267055,,,,,,,
Fitbit,Omega,144,-0.3967575124661814,-0.5261841020130837,-0.24936539507785146,-0.44971857349929817,-0.3987731625591704,0.33647322444731215,0.32220782875827414,-2.523001320043174,-0.4536619444444444,-1.1703401147335568,,,,,,,
Synthetic,Omega,126,-0.6907481835971578,-0.7723431957971537,-0.5867277356925973,-0.6795971456456505,-0.5191300428778901,0.5260658149390011,0.5714373032893978,-0.7042274567337734,-0.22976972222222214,-2.237228310194151,,,,,,,
META_Pearson_weighted,Omega,558,-0.6126543059093775,-0.6623777607682376,-0.5575568422075191,,,,,,,,21.461652993429524,3.0,0.8602157997373991,8.441376588000179e-05,,,
META_Pearson_macro,Omega,4,-0.6153628407360286,-0.9350944586851695,0.25660881340093217,,,,,,,,0.15450373181253524,3.0,0.0,0.9845763808024066,,,
META_Spearman_weighted,Omega,558,,,,-0.6875293167579533,,,,,,,53.558812964712935,3.0,0.9439868093795032,1.3934777132502151e-11,,,
META_Spearman_macro,Omega,4,,,,-0.6872786533953457,,,,,,,0.37987713773669196,3.0,0.0,0.944367307406219,,,
MEANS/OTHER,Omega,4,,,,,-0.5224566626930114,0.44448800555264845,0.5649864412726837,-0.9579075413236056,-0.35476548611111114,-3.19215122129804,,,,,4.0,4.0,0.0625
