log_path,smape,se
/home/nesl/oliver/timeSeriesMamba/TimeLLM/results/pems_eval/pems_testing_high_l0_d32_e10_mLLAMA3.2_n1b_f1_t100_c100_r1_seq512_pred96_seed1_init11.txt,0.51747,0.61165
/home/nesl/oliver/timeSeriesMamba/TimeLLM/results/pems_eval/pems_testing_medium_l0_d32_e10_mLLAMA3.2_n1b_f1_t100_c100_r0_seq512_pred96_seed1_init11.txt,0.41082,0.53666
/home/nesl/oliver/timeSeriesMamba/TimeLLM/results/pems_eval/pems_testing_low_l0_d32_e10_mLLAMA3.2_n1b_f1_t100_c100_r1_seq512_pred96_seed1_init11.txt,0.40855,0.45244
/home/nesl/oliver/timeSeriesMamba/TimeLLM/results/pems_eval/pems_testing_medium_l0_d32_e10_mLLAMA3.2_n1b_f1_t100_c100_r0_seq512_pred96_seed2_init11.txt,0.41811,0.53666
/home/nesl/oliver/timeSeriesMamba/TimeLLM/results/pems_eval/pems_testing_high_l0_d32_e10_mLLAMA3.2_n1b_f1_t100_c100_r1_seq512_pred96_seed1_init12.txt,0.5194,0.61165
/home/nesl/oliver/timeSeriesMamba/TimeLLM/results/pems_eval/pems_testing_low_l0_d32_e10_mLLAMA3.2_n1b_f1_t100_c100_r1_seq512_pred96_seed1_init12.txt,0.4121,0.45244
/home/nesl/oliver/timeSeriesMamba/TimeLLM/results/pems_eval/pems_testing_medium_l0_d32_e10_mLLAMA3.2_n1b_f1_t100_c100_r0_seq512_pred96_seed3_init11.txt,0.41996,0.53666
/home/nesl/oliver/timeSeriesMamba/TimeLLM/results/pems_eval/pems_testing_high_l0_d32_e10_mLLAMA3.2_n1b_f1_t100_c100_r1_seq512_pred96_seed1_init13.txt,0.51467,0.61165
/home/nesl/oliver/timeSeriesMamba/TimeLLM/results/pems_eval/pems_testing_low_l0_d32_e10_mLLAMA3.2_n1b_f1_t100_c100_r1_seq512_pred96_seed1_init13.txt,0.40757,0.45244
/home/nesl/oliver/timeSeriesMamba/TimeLLM/results/pems_eval/pems_testing_high_l0_d32_e10_mLLAMA3.2_n1b_f1_t100_c100_r1_seq512_pred96_seed2_init11.txt,0.51676,0.61165
/home/nesl/oliver/timeSeriesMamba/TimeLLM/results/pems_eval/pems_testing_low_l0_d32_e10_mLLAMA3.2_n1b_f1_t100_c100_r1_seq512_pred96_seed2_init11.txt,0.42104,0.45244
/home/nesl/oliver/timeSeriesMamba/TimeLLM/results/pems_eval/pems_testing_high_l0_d32_e10_mLLAMA3.2_n1b_f1_t100_c100_r1_seq512_pred96_seed2_init12.txt,0.51706,0.61165
/home/nesl/oliver/timeSeriesMamba/TimeLLM/results/pems_eval/pems_testing_low_l0_d32_e10_mLLAMA3.2_n1b_f1_t100_c100_r1_seq512_pred96_seed2_init12.txt,0.41,0.45244
/home/nesl/oliver/timeSeriesMamba/TimeLLM/results/pems_eval/pems_testing_high_l0_d32_e10_mLLAMA3.2_n1b_f1_t100_c100_r1_seq512_pred96_seed2_init13.txt,0.51875,0.61165
/home/nesl/oliver/timeSeriesMamba/TimeLLM/results/pems_eval/pems_testing_low_l0_d32_e10_mLLAMA3.2_n1b_f1_t100_c100_r1_seq512_pred96_seed2_init13.txt,0.42247,0.45244
/home/nesl/oliver/timeSeriesMamba/TimeLLM/results/fitbit_eval/test_fitbit_hr_low_heldout_l0_d32_e10_mLLAMA3.2_n1b_f1_t100_c100_r1_seq512_pred96_seed1_initseed11.txt,0.74505,0.44255
/home/nesl/oliver/timeSeriesMamba/TimeLLM/results/pems_eval/pems_testing_high_l0_d32_e10_mLLAMA3.2_n1b_f1_t100_c100_r1_seq512_pred96_seed3_init11.txt,0.52115,0.61165
/home/nesl/oliver/timeSeriesMamba/TimeLLM/results/pems_eval/pems_testing_low_l0_d32_e10_mLLAMA3.2_n1b_f1_t100_c100_r1_seq512_pred96_seed3_init11.txt,0.41354,0.45244
/home/nesl/oliver/timeSeriesMamba/TimeLLM/results/pems_eval/pems_testing_high_l0_d32_e10_mLLAMA3.2_n1b_f1_t100_c100_r1_seq512_pred96_seed3_init12.txt,0.52292,0.61165
/home/nesl/oliver/timeSeriesMamba/TimeLLM/results/pems_eval/pems_testing_low_l0_d32_e10_mLLAMA3.2_n1b_f1_t100_c100_r1_seq512_pred96_seed3_init12.txt,0.41303,0.45244
/home/nesl/oliver/timeSeriesMamba/TimeLLM/results/pems_eval/pems_testing_high_l0_d32_e10_mLLAMA3.2_n1b_f1_t100_c100_r1_seq512_pred96_seed3_init13.txt,0.51724,0.61165
/home/nesl/oliver/timeSeriesMamba/TimeLLM/results/pems_eval/pems_testing_low_l0_d32_e10_mLLAMA3.2_n1b_f1_t100_c100_r1_seq512_pred96_seed3_init13.txt,0.41622,0.45244
/home/nesl/oliver/timeSeriesMamba/TimeLLM/results/fitbit_eval/test_fitbit_hr_low_heldout_l0_d32_e10_mLLAMA3.2_n1b_f1_t100_c100_r1_seq512_pred96_seed1_initseed12.txt,0.71233,0.44255
/home/nesl/oliver/timeSeriesMamba/TimeLLM/results/fitbit_eval/test_fitbit_hr_low_heldout_l0_d32_e10_mLLAMA3.2_n1b_f1_t100_c100_r1_seq512_pred96_seed1_initseed13.txt,0.70598,0.44255
/home/nesl/oliver/timeSeriesMamba/TimeLLM/results/fitbit_eval/test_fitbit_hr_low_heldout_l0_d32_e10_mLLAMA3.2_n1b_f1_t100_c100_r1_seq512_pred96_seed2_initseed11.txt,0.73275,0.44255
/home/nesl/oliver/timeSeriesMamba/TimeLLM/results/fitbit_eval/test_fitbit_hr_low_heldout_l0_d32_e10_mLLAMA3.2_n1b_f1_t100_c100_r1_seq512_pred96_seed2_initseed12.txt,0.70735,0.44255
/home/nesl/oliver/timeSeriesMamba/TimeLLM/results/fitbit_eval/test_fitbit_hr_low_heldout_l0_d32_e10_mLLAMA3.2_n1b_f1_t100_c100_r1_seq512_pred96_seed2_initseed13.txt,0.73474,0.44255
/home/nesl/oliver/timeSeriesMamba/TimeLLM/results/fitbit_eval/test_fitbit_hr_low_heldout_l0_d32_e10_mLLAMA3.2_n1b_f1_t100_c100_r1_seq512_pred96_seed3_initseed11.txt,0.71129,0.44255
/home/nesl/oliver/timeSeriesMamba/TimeLLM/results/spectralUniTest/spectralUniTest_CISO_solar_heldout_l0_d32_e10_mLLAMA3.2_n1b_f1_t100_c100_r0_seq512_pred96_seed1_initseed11.txt,0.83721,0.30375
/home/nesl/oliver/timeSeriesMamba/TimeLLM/results/fitbit_eval/test_fitbit_hr_low_heldout_l0_d32_e10_mLLAMA3.2_n1b_f1_t100_c100_r1_seq512_pred96_seed3_initseed12.txt,0.72758,0.44255
/home/nesl/oliver/timeSeriesMamba/TimeLLM/results/spectralUniTest/spectralUniTest_FR_wind_heldout_l0_d32_e10_mLLAMA3.2_n1b_f1_t100_c100_r0_seq512_pred96_seed1_initseed11.txt,1.11785,0.45675
/home/nesl/oliver/timeSeriesMamba/TimeLLM/results/fitbit_eval/test_fitbit_hr_low_heldout_l0_d32_e10_mLLAMA3.2_n1b_f1_t100_c100_r1_seq512_pred96_seed3_initseed13.txt,0.71997,0.44255
/home/nesl/oliver/timeSeriesMamba/TimeLLM/results/uniSynthPSD_eval/testing_uniSynthPSD_l0_d32_e10_mLLAMA3.2_n1b_f1_t100_c100_r1_h200_seq512_pred96_seed1_initseed11.txt,1.16377,0.68372
/home/nesl/oliver/timeSeriesMamba/TimeLLM/results/pems_eval/pems_testing_high_l0_d32_e10_mLLAMA3.2_n1b_f1_t100_c100_r0_seq512_pred96_seed1_init11.txt,0.5275,0.61165
/home/nesl/oliver/timeSeriesMamba/TimeLLM/results/pems_eval/pems_testing_high_l0_d32_e10_mLLAMA3.2_n1b_f1_t100_c100_r0_seq512_pred96_seed2_init11.txt,0.52642,0.61165
/home/nesl/oliver/timeSeriesMamba/TimeLLM/results/pems_eval/pems_testing_high_l0_d32_e10_mLLAMA3.2_n1b_f1_t100_c100_r0_seq512_pred96_seed3_init11.txt,0.52586,0.61165
/home/nesl/oliver/timeSeriesMamba/TimeLLM/results/spectralUniTest/spectralUniTest_SWPP_nat_gas_heldout_l0_d32_e10_mLLAMA3.2_n1b_f1_t100_c100_r0_seq512_pred96_seed1_initseed11.txt,1.01996,0.45953
/home/nesl/oliver/timeSeriesMamba/TimeLLM/results/spectralUniTest/spectralUniTest_PJM_oil_heldout_l0_d32_e10_mLLAMA3.2_n1b_f1_t100_c100_r0_seq512_pred96_seed1_initseed11.txt,0.92746,0.66366
/home/nesl/oliver/timeSeriesMamba/TimeLLM/results/spectralUniTest/spectralUniTest_PJM_nat_gas_heldout_l0_d32_e10_mLLAMA3.2_n1b_f1_t100_c100_r0_seq512_pred96_seed1_initseed11.txt,0.9242,0.46377
/home/nesl/oliver/timeSeriesMamba/TimeLLM/results/uniSynthPSD_eval/testing_uniSynthPSD_l0_d32_e10_mLLAMA3.2_n1b_f1_t100_c100_r1_h200_seq512_pred96_seed1_initseed12.txt,1.16418,0.68372
/home/nesl/oliver/timeSeriesMamba/TimeLLM/results/spectralUniTest/spectralUniTest_FR_wind_heldout_l0_d32_e10_mLLAMA3.2_n1b_f1_t100_c100_r0_seq512_pred96_seed2_initseed11.txt,1.10092,0.45675
/home/nesl/oliver/timeSeriesMamba/TimeLLM/results/uniSynthPSD_eval/testing_uniSynthPSD_l0_d32_e10_mLLAMA3.2_n1b_f1_t100_c100_r1_h200_seq512_pred96_seed1_initseed13.txt,1.15584,0.68372
/home/nesl/oliver/timeSeriesMamba/TimeLLM/results/uniSynthPSD_eval/testing_uniSynthPSD_l0_d32_e10_mLLAMA3.2_n1b_f1_t100_c100_r1_h200_seq512_pred96_seed2_initseed11.txt,1.16288,0.68372
/home/nesl/oliver/timeSeriesMamba/TimeLLM/results/spectralUniTest/spectralUniTest_CISO_solar_heldout_l0_d32_e10_mLLAMA3.2_n1b_f1_t100_c100_r0_seq512_pred96_seed2_initseed11.txt,0.66615,0.30375
/home/nesl/oliver/timeSeriesMamba/TimeLLM/results/uniSynthPSD_eval/testing_uniSynthPSD_l0_d32_e10_mLLAMA3.2_n1b_f1_t100_c100_r1_h200_seq512_pred96_seed2_initseed12.txt,1.16531,0.68372
/home/nesl/oliver/timeSeriesMamba/TimeLLM/results/uniSynthPSD_eval/testing_uniSynthPSD_l0_d32_e10_mLLAMA3.2_n1b_f1_t100_c100_r1_h200_seq512_pred96_seed2_initseed13.txt,1.16112,0.68372
/home/nesl/oliver/timeSeriesMamba/TimeLLM/results/spectralUniTest/spectralUniTest_FR_wind_heldout_l0_d32_e10_mLLAMA3.2_n1b_f1_t100_c100_r0_seq512_pred96_seed3_initseed11.txt,1.12137,0.45675
/home/nesl/oliver/timeSeriesMamba/TimeLLM/results/uniSynthPSD_eval/testing_uniSynthPSD_l0_d32_e10_mLLAMA3.2_n1b_f1_t100_c100_r1_h200_seq512_pred96_seed3_initseed11.txt,1.15983,0.68372
/home/nesl/oliver/timeSeriesMamba/TimeLLM/results/spectralUniTest/spectralUniTest_SWPP_nat_gas_heldout_l0_d32_e10_mLLAMA3.2_n1b_f1_t100_c100_r0_seq512_pred96_seed2_initseed11.txt,1.00036,0.45953
/home/nesl/oliver/timeSeriesMamba/TimeLLM/results/spectralUniTest/spectralUniTest_PJM_oil_heldout_l0_d32_e10_mLLAMA3.2_n1b_f1_t100_c100_r0_seq512_pred96_seed2_initseed11.txt,0.93106,0.66366
/home/nesl/oliver/timeSeriesMamba/TimeLLM/results/pems_eval/pems_testing_low_l0_d32_e10_mLLAMA3.2_n1b_f1_t100_c100_r0_seq512_pred96_seed1_init11.txt,0.41034,0.45244
/home/nesl/oliver/timeSeriesMamba/TimeLLM/results/uniSynthPSD_eval/testing_uniSynthPSD_l0_d32_e10_mLLAMA3.2_n1b_f1_t100_c100_r1_h200_seq512_pred96_seed3_initseed12.txt,1.16194,0.68372
/home/nesl/oliver/timeSeriesMamba/TimeLLM/results/pems_eval/pems_testing_low_l0_d32_e10_mLLAMA3.2_n1b_f1_t100_c100_r0_seq512_pred96_seed2_init11.txt,0.4243,0.45244
/home/nesl/oliver/timeSeriesMamba/TimeLLM/results/spectralUniTest/spectralUniTest_PJM_nat_gas_heldout_l0_d32_e10_mLLAMA3.2_n1b_f1_t100_c100_r0_seq512_pred96_seed2_initseed11.txt,0.90695,0.46377
/home/nesl/oliver/timeSeriesMamba/TimeLLM/results/pems_eval/pems_testing_medium_l0_d32_e10_mLLAMA3.2_n1b_f1_t100_c100_r1_seq512_pred96_seed1_init11.txt,0.44216,0.53666
/home/nesl/oliver/timeSeriesMamba/TimeLLM/results/pems_eval/pems_testing_low_l0_d32_e10_mLLAMA3.2_n1b_f1_t100_c100_r0_seq512_pred96_seed3_init11.txt,0.41399,0.45244
/home/nesl/oliver/timeSeriesMamba/TimeLLM/results/pems_eval/pems_testing_medium_l0_d32_e10_mLLAMA3.2_n1b_f1_t100_c100_r1_seq512_pred96_seed1_init12.txt,0.44533,0.53666
/home/nesl/oliver/timeSeriesMamba/TimeLLM/results/pems_eval/pems_testing_medium_l0_d32_e10_mLLAMA3.2_n1b_f1_t100_c100_r1_seq512_pred96_seed1_init13.txt,0.44159,0.53666
/home/nesl/oliver/timeSeriesMamba/TimeLLM/results/uniSynthPSD_eval/testing_uniSynthPSD_l0_d32_e10_mLLAMA3.2_n1b_f1_t100_c100_r1_h200_seq512_pred96_seed3_initseed13.txt,1.17725,0.68372
/home/nesl/oliver/timeSeriesMamba/TimeLLM/results/pems_eval/pems_testing_medium_l0_d32_e10_mLLAMA3.2_n1b_f1_t100_c100_r1_seq512_pred96_seed2_init11.txt,0.45645,0.53666
/home/nesl/oliver/timeSeriesMamba/TimeLLM/results/spectralUniTest/spectralUniTest_CISO_solar_heldout_l0_d32_e10_mLLAMA3.2_n1b_f1_t100_c100_r0_seq512_pred96_seed3_initseed11.txt,0.87648,0.30375
/home/nesl/oliver/timeSeriesMamba/TimeLLM/results/pems_eval/pems_testing_medium_l0_d32_e10_mLLAMA3.2_n1b_f1_t100_c100_r1_seq512_pred96_seed2_init12.txt,0.47122,0.53666
/home/nesl/oliver/timeSeriesMamba/TimeLLM/results/uniSynthPSD_eval/testing_uniSynthPSD_l0_d32_e10_mLLAMA3.2_n1b_f1_t100_c100_r0_h200_seq512_pred96_seed1_initseed11.txt,1.15645,0.68372
/home/nesl/oliver/timeSeriesMamba/TimeLLM/results/pems_eval/pems_testing_medium_l0_d32_e10_mLLAMA3.2_n1b_f1_t100_c100_r1_seq512_pred96_seed2_init13.txt,0.44123,0.53666
/home/nesl/oliver/timeSeriesMamba/TimeLLM/results/uniSynthPSD_eval/testing_uniSynthPSD_l0_d32_e10_mLLAMA3.2_n1b_f1_t100_c100_r1_h300_seq512_pred96_seed1_initseed11.txt,1.20756,0.58736
/home/nesl/oliver/timeSeriesMamba/TimeLLM/results/pems_eval/pems_testing_medium_l0_d32_e10_mLLAMA3.2_n1b_f1_t100_c100_r1_seq512_pred96_seed3_init11.txt,0.45389,0.53666
/home/nesl/oliver/timeSeriesMamba/TimeLLM/results/pems_eval/pems_testing_medium_l0_d32_e10_mLLAMA3.2_n1b_f1_t100_c100_r1_seq512_pred96_seed3_init12.txt,0.43717,0.53666
/home/nesl/oliver/timeSeriesMamba/TimeLLM/results/uniSynthPSD_eval/testing_uniSynthPSD_l0_d32_e10_mLLAMA3.2_n1b_f1_t100_c100_r0_h200_seq512_pred96_seed2_initseed11.txt,1.13683,0.68372
/home/nesl/oliver/timeSeriesMamba/TimeLLM/results/pems_eval/pems_testing_medium_l0_d32_e10_mLLAMA3.2_n1b_f1_t100_c100_r1_seq512_pred96_seed3_init13.txt,0.44587,0.53666
/home/nesl/oliver/timeSeriesMamba/TimeLLM/results/uniSynthPSD_eval/testing_uniSynthPSD_l0_d32_e10_mLLAMA3.2_n1b_f1_t100_c100_r1_h300_seq512_pred96_seed1_initseed12.txt,1.19684,0.58736
/home/nesl/oliver/timeSeriesMamba/TimeLLM/results/uniSynthPSD_eval/testing_uniSynthPSD_l0_d32_e10_mLLAMA3.2_n1b_f1_t100_c100_r0_h200_seq512_pred96_seed3_initseed11.txt,1.16143,0.68372
/home/nesl/oliver/timeSeriesMamba/TimeLLM/results/spectralUniTest/spectralUniTest_FR_wind_heldout_l0_d32_e10_mLLAMA3.2_n1b_f1_t100_c100_r1_seq512_pred96_seed1_initseed11.txt,1.09472,0.45675
/home/nesl/oliver/timeSeriesMamba/TimeLLM/results/uniSynthPSD_eval/testing_uniSynthPSD_l0_d32_e10_mLLAMA3.2_n1b_f1_t100_c100_r1_h300_seq512_pred96_seed1_initseed13.txt,1.20274,0.58736
/home/nesl/oliver/timeSeriesMamba/TimeLLM/results/spectralUniTest/spectralUniTest_SWPP_nat_gas_heldout_l0_d32_e10_mLLAMA3.2_n1b_f1_t100_c100_r0_seq512_pred96_seed3_initseed11.txt,1.01911,0.45953
/home/nesl/oliver/timeSeriesMamba/TimeLLM/results/uniSynthPSD_eval/testing_uniSynthPSD_l0_d32_e10_mLLAMA3.2_n1b_f1_t100_c100_r0_h300_seq512_pred96_seed1_initseed11.txt,1.19269,0.58736
/home/nesl/oliver/timeSeriesMamba/TimeLLM/results/spectralUniTest/spectralUniTest_PJM_oil_heldout_l0_d32_e10_mLLAMA3.2_n1b_f1_t100_c100_r0_seq512_pred96_seed3_initseed11.txt,1.01441,0.66366
/home/nesl/oliver/timeSeriesMamba/TimeLLM/results/uniSynthPSD_eval/testing_uniSynthPSD_l0_d32_e10_mLLAMA3.2_n1b_f1_t100_c100_r1_h300_seq512_pred96_seed2_initseed11.txt,1.21037,0.58736
/home/nesl/oliver/timeSeriesMamba/TimeLLM/results/uniSynthPSD_eval/testing_uniSynthPSD_l0_d32_e10_mLLAMA3.2_n1b_f1_t100_c100_r0_h300_seq512_pred96_seed2_initseed11.txt,1.18266,0.58736
/home/nesl/oliver/timeSeriesMamba/TimeLLM/results/uniSynthPSD_eval/testing_uniSynthPSD_l0_d32_e10_mLLAMA3.2_n1b_f1_t100_c100_r1_h300_seq512_pred96_seed2_initseed12.txt,1.20219,0.58736
/home/nesl/oliver/timeSeriesMamba/TimeLLM/results/spectralUniTest/spectralUniTest_PJM_nat_gas_heldout_l0_d32_e10_mLLAMA3.2_n1b_f1_t100_c100_r0_seq512_pred96_seed3_initseed11.txt,0.88811,0.46377
/home/nesl/oliver/timeSeriesMamba/TimeLLM/results/uniSynthPSD_eval/testing_uniSynthPSD_l0_d32_e10_mLLAMA3.2_n1b_f1_t100_c100_r0_h300_seq512_pred96_seed3_initseed11.txt,1.20278,0.58736
/home/nesl/oliver/timeSeriesMamba/TimeLLM/results/uniSynthPSD_eval/testing_uniSynthPSD_l0_d32_e10_mLLAMA3.2_n1b_f1_t100_c100_r1_h300_seq512_pred96_seed2_initseed13.txt,1.20059,0.58736
/home/nesl/oliver/timeSeriesMamba/TimeLLM/results/uniSynthPSD_eval/testing_uniSynthPSD_l0_d32_e10_mLLAMA3.2_n1b_f1_t100_c100_r0_h400_seq512_pred96_seed1_initseed11.txt,1.10606,0.53706
/home/nesl/oliver/timeSeriesMamba/TimeLLM/results/spectralUniTest/spectralUniTest_FR_wind_heldout_l0_d32_e10_mLLAMA3.2_n1b_f1_t100_c100_r1_seq512_pred96_seed1_initseed12.txt,1.15181,0.45675
/home/nesl/oliver/timeSeriesMamba/TimeLLM/results/uniSynthPSD_eval/testing_uniSynthPSD_l0_d32_e10_mLLAMA3.2_n1b_f1_t100_c100_r1_h300_seq512_pred96_seed3_initseed11.txt,1.20272,0.58736
/home/nesl/oliver/timeSeriesMamba/TimeLLM/results/spectralUniTest/spectralUniTest_CISO_solar_heldout_l0_d32_e10_mLLAMA3.2_n1b_f1_t100_c100_r1_seq512_pred96_seed1_initseed11.txt,0.56334,0.30375
/home/nesl/oliver/timeSeriesMamba/TimeLLM/results/uniSynthPSD_eval/testing_uniSynthPSD_l0_d32_e10_mLLAMA3.2_n1b_f1_t100_c100_r0_h400_seq512_pred96_seed2_initseed11.txt,1.07823,0.53706
/home/nesl/oliver/timeSeriesMamba/TimeLLM/results/uniSynthPSD_eval/testing_uniSynthPSD_l0_d32_e10_mLLAMA3.2_n1b_f1_t100_c100_r1_h300_seq512_pred96_seed3_initseed12.txt,1.20409,0.58736
/home/nesl/oliver/timeSeriesMamba/TimeLLM/results/uniSynthPSD_eval/testing_uniSynthPSD_l0_d32_e10_mLLAMA3.2_n1b_f1_t100_c100_r0_h400_seq512_pred96_seed3_initseed11.txt,1.12441,0.53706
/home/nesl/oliver/timeSeriesMamba/TimeLLM/results/uniSynthPSD_eval/testing_uniSynthPSD_l0_d32_e10_mLLAMA3.2_n1b_f1_t100_c100_r1_h300_seq512_pred96_seed3_initseed13.txt,1.20855,0.58736
/home/nesl/oliver/timeSeriesMamba/TimeLLM/results/uniSynthPSD_eval/testing_uniSynthPSD_l0_d32_e10_mLLAMA3.2_n1b_f1_t100_c100_r0_h500_seq512_pred96_seed1_initseed11.txt,0.97688,0.47353
/home/nesl/oliver/timeSeriesMamba/TimeLLM/results/uniSynthPSD_eval/testing_uniSynthPSD_l0_d32_e10_mLLAMA3.2_n1b_f1_t100_c100_r1_h400_seq512_pred96_seed1_initseed11.txt,1.11394,0.53706
/home/nesl/oliver/timeSeriesMamba/TimeLLM/results/uniSynthPSD_eval/testing_uniSynthPSD_l0_d32_e10_mLLAMA3.2_n1b_f1_t100_c100_r0_h500_seq512_pred96_seed2_initseed11.txt,0.94656,0.47353
/home/nesl/oliver/timeSeriesMamba/TimeLLM/results/spectralUniTest/spectralUniTest_FR_wind_heldout_l0_d32_e10_mLLAMA3.2_n1b_f1_t100_c100_r1_seq512_pred96_seed1_initseed13.txt,1.15712,0.45675
/home/nesl/oliver/timeSeriesMamba/TimeLLM/results/uniSynthPSD_eval/testing_uniSynthPSD_l0_d32_e10_mLLAMA3.2_n1b_f1_t100_c100_r1_h400_seq512_pred96_seed1_initseed12.txt,1.11418,0.53706
/home/nesl/oliver/timeSeriesMamba/TimeLLM/results/uniSynthPSD_eval/testing_uniSynthPSD_l0_d32_e10_mLLAMA3.2_n1b_f1_t100_c100_r0_h500_seq512_pred96_seed3_initseed11.txt,0.97502,0.47353
/home/nesl/oliver/timeSeriesMamba/TimeLLM/results/spectralUniTest/spectralUniTest_PJM_oil_heldout_l0_d32_e10_mLLAMA3.2_n1b_f1_t100_c100_r1_seq512_pred96_seed1_initseed11.txt,1.01391,0.66366
/home/nesl/oliver/timeSeriesMamba/TimeLLM/results/spectralUniTest/spectralUniTest_SWPP_nat_gas_heldout_l0_d32_e10_mLLAMA3.2_n1b_f1_t100_c100_r1_seq512_pred96_seed1_initseed11.txt,0.97371,0.45953
/home/nesl/oliver/timeSeriesMamba/TimeLLM/results/uniSynthPSD_eval/testing_uniSynthPSD_l0_d32_e10_mLLAMA3.2_n1b_f1_t100_c100_r1_h400_seq512_pred96_seed1_initseed13.txt,1.11987,0.53706
/home/nesl/oliver/timeSeriesMamba/TimeLLM/results/spectralUniTest/spectralUniTest_PJM_nat_gas_heldout_l0_d32_e10_mLLAMA3.2_n1b_f1_t100_c100_r1_seq512_pred96_seed1_initseed11.txt,0.87783,0.46377
/home/nesl/oliver/timeSeriesMamba/TimeLLM/results/uniSynthPSD_eval/testing_uniSynthPSD_l0_d32_e10_mLLAMA3.2_n1b_f1_t100_c100_r0_h600_seq512_pred96_seed1_initseed11.txt,0.87925,0.314
/home/nesl/oliver/timeSeriesMamba/TimeLLM/results/spectralUniTest/spectralUniTest_CISO_solar_heldout_l0_d32_e10_mLLAMA3.2_n1b_f1_t100_c100_r1_seq512_pred96_seed1_initseed12.txt,0.73472,0.30375
/home/nesl/oliver/timeSeriesMamba/TimeLLM/results/uniSynthPSD_eval/testing_uniSynthPSD_l0_d32_e10_mLLAMA3.2_n1b_f1_t100_c100_r1_h400_seq512_pred96_seed2_initseed11.txt,1.12174,0.53706
/home/nesl/oliver/timeSeriesMamba/TimeLLM/results/uniSynthPSD_eval/testing_uniSynthPSD_l0_d32_e10_mLLAMA3.2_n1b_f1_t100_c100_r0_h600_seq512_pred96_seed2_initseed11.txt,0.82077,0.314
/home/nesl/oliver/timeSeriesMamba/TimeLLM/results/uniSynthPSD_eval/testing_uniSynthPSD_l0_d32_e10_mLLAMA3.2_n1b_f1_t100_c100_r1_h400_seq512_pred96_seed2_initseed12.txt,1.1233,0.53706
/home/nesl/oliver/timeSeriesMamba/TimeLLM/results/spectralUniTest/spectralUniTest_FR_wind_heldout_l0_d32_e10_mLLAMA3.2_n1b_f1_t100_c100_r1_seq512_pred96_seed2_initseed11.txt,1.10189,0.45675
/home/nesl/oliver/timeSeriesMamba/TimeLLM/results/uniSynthPSD_eval/testing_uniSynthPSD_l0_d32_e10_mLLAMA3.2_n1b_f1_t100_c100_r0_h600_seq512_pred96_seed3_initseed11.txt,0.89986,0.314
/home/nesl/oliver/timeSeriesMamba/TimeLLM/results/uniSynthPSD_eval/testing_uniSynthPSD_l0_d32_e10_mLLAMA3.2_n1b_f1_t100_c100_r1_h400_seq512_pred96_seed2_initseed13.txt,1.1128,0.53706
/home/nesl/oliver/timeSeriesMamba/TimeLLM/results/uniSynthPSD_eval/testing_uniSynthPSD_l0_d32_e10_mLLAMA3.2_n1b_f1_t100_c100_r0_h700_seq512_pred96_seed1_initseed11.txt,1.05968,0.26986
/home/nesl/oliver/timeSeriesMamba/TimeLLM/results/uniSynthPSD_eval/testing_uniSynthPSD_l0_d32_e10_mLLAMA3.2_n1b_f1_t100_c100_r1_h400_seq512_pred96_seed3_initseed11.txt,1.12847,0.53706
/home/nesl/oliver/timeSeriesMamba/TimeLLM/results/uniSynthPSD_eval/testing_uniSynthPSD_l0_d32_e10_mLLAMA3.2_n1b_f1_t100_c100_r0_h700_seq512_pred96_seed2_initseed11.txt,1.03939,0.26986
/home/nesl/oliver/timeSeriesMamba/TimeLLM/results/uniSynthPSD_eval/testing_uniSynthPSD_l0_d32_e10_mLLAMA3.2_n1b_f1_t100_c100_r1_h400_seq512_pred96_seed3_initseed12.txt,1.12859,0.53706
/home/nesl/oliver/timeSeriesMamba/TimeLLM/results/spectralUniTest/spectralUniTest_SWPP_nat_gas_heldout_l0_d32_e10_mLLAMA3.2_n1b_f1_t100_c100_r1_seq512_pred96_seed1_initseed12.txt,1.01225,0.45953
/home/nesl/oliver/timeSeriesMamba/TimeLLM/results/spectralUniTest/spectralUniTest_PJM_oil_heldout_l0_d32_e10_mLLAMA3.2_n1b_f1_t100_c100_r1_seq512_pred96_seed1_initseed12.txt,1.07481,0.66366
/home/nesl/oliver/timeSeriesMamba/TimeLLM/results/uniSynthPSD_eval/testing_uniSynthPSD_l0_d32_e10_mLLAMA3.2_n1b_f1_t100_c100_r0_h700_seq512_pred96_seed3_initseed11.txt,1.07584,0.26986
/home/nesl/oliver/timeSeriesMamba/TimeLLM/results/spectralUniTest/spectralUniTest_FR_wind_heldout_l0_d32_e10_mLLAMA3.2_n1b_f1_t100_c100_r1_seq512_pred96_seed2_initseed12.txt,1.09122,0.45675
/home/nesl/oliver/timeSeriesMamba/TimeLLM/results/uniSynthPSD_eval/testing_uniSynthPSD_l0_d32_e10_mLLAMA3.2_n1b_f1_t100_c100_r1_h400_seq512_pred96_seed3_initseed13.txt,1.12602,0.53706
/home/nesl/oliver/timeSeriesMamba/TimeLLM/results/spectralUniTest/spectralUniTest_CISO_solar_heldout_l0_d32_e10_mLLAMA3.2_n1b_f1_t100_c100_r1_seq512_pred96_seed1_initseed13.txt,0.77893,0.30375
/home/nesl/oliver/timeSeriesMamba/TimeLLM/results/spectralUniTest/spectralUniTest_PJM_nat_gas_heldout_l0_d32_e10_mLLAMA3.2_n1b_f1_t100_c100_r1_seq512_pred96_seed1_initseed12.txt,0.89117,0.46377
/home/nesl/oliver/timeSeriesMamba/TimeLLM/results/uniSynthPSD_eval/testing_uniSynthPSD_l0_d32_e10_mLLAMA3.2_n1b_f1_t100_c100_r0_h800_seq512_pred96_seed1_initseed11.txt,0.84412,0.27642
/home/nesl/oliver/timeSeriesMamba/TimeLLM/results/uniSynthPSD_eval/testing_uniSynthPSD_l0_d32_e10_mLLAMA3.2_n1b_f1_t100_c100_r1_h500_seq512_pred96_seed1_initseed11.txt,0.98973,0.47353
/home/nesl/oliver/timeSeriesMamba/TimeLLM/results/uniSynthPSD_eval/testing_uniSynthPSD_l0_d32_e10_mLLAMA3.2_n1b_f1_t100_c100_r0_h800_seq512_pred96_seed2_initseed11.txt,0.86848,0.27642
/home/nesl/oliver/timeSeriesMamba/TimeLLM/results/uniSynthPSD_eval/testing_uniSynthPSD_l0_d32_e10_mLLAMA3.2_n1b_f1_t100_c100_r1_h500_seq512_pred96_seed1_initseed12.txt,1.00562,0.47353
/home/nesl/oliver/timeSeriesMamba/TimeLLM/results/fitbit_eval/test_fitbit_hr_low_heldout_l0_d32_e10_mLLAMA3.2_n1b_f1_t100_c100_r0_seq512_pred96_seed1_initseed11.txt,0.73659,0.44255
/home/nesl/oliver/timeSeriesMamba/TimeLLM/results/uniSynthPSD_eval/testing_uniSynthPSD_l0_d32_e10_mLLAMA3.2_n1b_f1_t100_c100_r0_h800_seq512_pred96_seed3_initseed11.txt,0.86818,0.27642
/home/nesl/oliver/timeSeriesMamba/TimeLLM/results/fitbit_eval/test_fitbit_hr_medium_heldout_l0_d32_e10_mLLAMA3.2_n1b_f1_t100_c100_r0_seq512_pred96_seed1_initseed11.txt,0.6448,0.35619
/home/nesl/oliver/timeSeriesMamba/TimeLLM/results/uniSynthPSD_eval/testing_uniSynthPSD_l0_d32_e10_mLLAMA3.2_n1b_f1_t100_c100_r1_h500_seq512_pred96_seed1_initseed13.txt,0.99014,0.47353
/home/nesl/oliver/timeSeriesMamba/TimeLLM/results/fitbit_eval/test_fitbit_hr_high_heldout_l0_d32_e10_mLLAMA3.2_n1b_f1_t100_c100_r0_seq512_pred96_seed1_initseed11.txt,0.8379,0.49108
/home/nesl/oliver/timeSeriesMamba/TimeLLM/results/spectralUniTest/spectralUniTest_FR_wind_heldout_l0_d32_e10_mLLAMA3.2_n1b_f1_t100_c100_r1_seq512_pred96_seed2_initseed13.txt,1.12154,0.45675
/home/nesl/oliver/timeSeriesMamba/TimeLLM/results/uniSynthPSD_eval/testing_uniSynthPSD_l0_d32_e10_mLLAMA3.2_n1b_f1_t100_c100_r1_h500_seq512_pred96_seed2_initseed11.txt,0.99582,0.47353
/home/nesl/oliver/timeSeriesMamba/TimeLLM/results/fitbit_eval/test_fitbit_hr_low_heldout_l0_d32_e10_mLLAMA3.2_n1b_f1_t100_c100_r0_seq512_pred96_seed2_initseed11.txt,0.73363,0.44255
/home/nesl/oliver/timeSeriesMamba/TimeLLM/results/fitbit_eval/test_fitbit_hr_high_heldout_l0_d32_e10_mLLAMA3.2_n1b_f1_t100_c100_r0_seq512_pred96_seed2_initseed11.txt,0.76373,0.49108
/home/nesl/oliver/timeSeriesMamba/TimeLLM/results/fitbit_eval/test_fitbit_hr_medium_heldout_l0_d32_e10_mLLAMA3.2_n1b_f1_t100_c100_r0_seq512_pred96_seed2_initseed11.txt,0.61774,0.35619
/home/nesl/oliver/timeSeriesMamba/TimeLLM/results/spectralUniTest/spectralUniTest_SWPP_nat_gas_heldout_l0_d32_e10_mLLAMA3.2_n1b_f1_t100_c100_r1_seq512_pred96_seed1_initseed13.txt,1.02459,0.45953
/home/nesl/oliver/timeSeriesMamba/TimeLLM/results/uniSynthPSD_eval/testing_uniSynthPSD_l0_d32_e10_mLLAMA3.2_n1b_f1_t100_c100_r1_h500_seq512_pred96_seed2_initseed12.txt,1.00143,0.47353
/home/nesl/oliver/timeSeriesMamba/TimeLLM/results/spectralUniTest/spectralUniTest_PJM_oil_heldout_l0_d32_e10_mLLAMA3.2_n1b_f1_t100_c100_r1_seq512_pred96_seed1_initseed13.txt,1.12466,0.66366
/home/nesl/oliver/timeSeriesMamba/TimeLLM/results/fitbit_eval/test_fitbit_hr_low_heldout_l0_d32_e10_mLLAMA3.2_n1b_f1_t100_c100_r0_seq512_pred96_seed3_initseed11.txt,0.74324,0.44255
/home/nesl/oliver/timeSeriesMamba/TimeLLM/results/spectralUniTest/spectralUniTest_CISO_solar_heldout_l0_d32_e10_mLLAMA3.2_n1b_f1_t100_c100_r1_seq512_pred96_seed2_initseed11.txt,0.76033,0.30375
/home/nesl/oliver/timeSeriesMamba/TimeLLM/results/uniSynthPSD_eval/testing_uniSynthPSD_l0_d32_e10_mLLAMA3.2_n1b_f1_t100_c100_r1_h500_seq512_pred96_seed2_initseed13.txt,0.99723,0.47353
/home/nesl/oliver/timeSeriesMamba/TimeLLM/results/fitbit_eval/test_fitbit_hr_high_heldout_l0_d32_e10_mLLAMA3.2_n1b_f1_t100_c100_r0_seq512_pred96_seed3_initseed11.txt,0.74427,0.49108
/home/nesl/oliver/timeSeriesMamba/TimeLLM/results/fitbit_eval/test_fitbit_hr_medium_heldout_l0_d32_e10_mLLAMA3.2_n1b_f1_t100_c100_r0_seq512_pred96_seed3_initseed11.txt,0.51753,0.35619
/home/nesl/oliver/timeSeriesMamba/TimeLLM/results/spectralUniTest/spectralUniTest_PJM_nat_gas_heldout_l0_d32_e10_mLLAMA3.2_n1b_f1_t100_c100_r1_seq512_pred96_seed1_initseed13.txt,0.88909,0.46377
/home/nesl/oliver/timeSeriesMamba/TimeLLM/results/spectralUniTest/spectralUniTest_FR_wind_heldout_l0_d32_e10_mLLAMA3.2_n1b_f1_t100_c100_r1_seq512_pred96_seed3_initseed11.txt,1.12757,0.45675
/home/nesl/oliver/timeSeriesMamba/TimeLLM/results/uniSynthPSD_eval/testing_uniSynthPSD_l0_d32_e10_mLLAMA3.2_n1b_f1_t100_c100_r1_h500_seq512_pred96_seed3_initseed11.txt,0.99428,0.47353
/home/nesl/oliver/timeSeriesMamba/TimeLLM/results/uniSynthPSD_eval/testing_uniSynthPSD_l0_d32_e10_mLLAMA3.2_n1b_f1_t100_c100_r1_h500_seq512_pred96_seed3_initseed12.txt,0.99591,0.47353
/home/nesl/oliver/timeSeriesMamba/TimeLLM/results/uniSynthPSD_eval/testing_uniSynthPSD_l0_d32_e10_mLLAMA3.2_n1b_f1_t100_c100_r1_h500_seq512_pred96_seed3_initseed13.txt,1.01262,0.47353
/home/nesl/oliver/timeSeriesMamba/TimeLLM/results/uniSynthPSD_eval/testing_uniSynthPSD_l0_d32_e10_mLLAMA3.2_n1b_f1_t100_c100_r1_h600_seq512_pred96_seed1_initseed11.txt,0.89665,0.314
/home/nesl/oliver/timeSeriesMamba/TimeLLM/results/spectralUniTest/spectralUniTest_FR_wind_heldout_l0_d32_e10_mLLAMA3.2_n1b_f1_t100_c100_r1_seq512_pred96_seed3_initseed12.txt,1.1389,0.45675
/home/nesl/oliver/timeSeriesMamba/TimeLLM/results/spectralUniTest/spectralUniTest_SWPP_nat_gas_heldout_l0_d32_e10_mLLAMA3.2_n1b_f1_t100_c100_r1_seq512_pred96_seed2_initseed11.txt,1.00411,0.45953
/home/nesl/oliver/timeSeriesMamba/TimeLLM/results/uniSynthPSD_eval/testing_uniSynthPSD_l0_d32_e10_mLLAMA3.2_n1b_f1_t100_c100_r1_h600_seq512_pred96_seed1_initseed12.txt,0.90366,0.314
/home/nesl/oliver/timeSeriesMamba/TimeLLM/results/spectralUniTest/spectralUniTest_PJM_oil_heldout_l0_d32_e10_mLLAMA3.2_n1b_f1_t100_c100_r1_seq512_pred96_seed2_initseed11.txt,0.99344,0.66366
/home/nesl/oliver/timeSeriesMamba/TimeLLM/results/spectralUniTest/spectralUniTest_CISO_solar_heldout_l0_d32_e10_mLLAMA3.2_n1b_f1_t100_c100_r1_seq512_pred96_seed2_initseed12.txt,0.64868,0.30375
/home/nesl/oliver/timeSeriesMamba/TimeLLM/results/uniSynthPSD_eval/testing_uniSynthPSD_l0_d32_e10_mLLAMA3.2_n1b_f1_t100_c100_r1_h600_seq512_pred96_seed1_initseed13.txt,0.90866,0.314
/home/nesl/oliver/timeSeriesMamba/TimeLLM/results/spectralUniTest/spectralUniTest_PJM_nat_gas_heldout_l0_d32_e10_mLLAMA3.2_n1b_f1_t100_c100_r1_seq512_pred96_seed2_initseed11.txt,0.91499,0.46377
/home/nesl/oliver/timeSeriesMamba/TimeLLM/results/uniSynthPSD_eval/testing_uniSynthPSD_l0_d32_e10_mLLAMA3.2_n1b_f1_t100_c100_r1_h600_seq512_pred96_seed2_initseed11.txt,0.92211,0.314
/home/nesl/oliver/timeSeriesMamba/TimeLLM/results/uniSynthPSD_eval/testing_uniSynthPSD_l0_d32_e10_mLLAMA3.2_n1b_f1_t100_c100_r1_h600_seq512_pred96_seed2_initseed12.txt,0.92812,0.314
/home/nesl/oliver/timeSeriesMamba/TimeLLM/results/spectralUniTest/spectralUniTest_FR_wind_heldout_l0_d32_e10_mLLAMA3.2_n1b_f1_t100_c100_r1_seq512_pred96_seed3_initseed13.txt,1.14372,0.45675
/home/nesl/oliver/timeSeriesMamba/TimeLLM/results/uniSynthPSD_eval/testing_uniSynthPSD_l0_d32_e10_mLLAMA3.2_n1b_f1_t100_c100_r1_h600_seq512_pred96_seed2_initseed13.txt,0.91004,0.314
/home/nesl/oliver/timeSeriesMamba/TimeLLM/results/uniSynthPSD_eval/testing_uniSynthPSD_l0_d32_e10_mLLAMA3.2_n1b_f1_t100_c100_r1_h600_seq512_pred96_seed3_initseed11.txt,0.94959,0.314
/home/nesl/oliver/timeSeriesMamba/TimeLLM/results/spectralUniTest/spectralUniTest_SWPP_nat_gas_heldout_l0_d32_e10_mLLAMA3.2_n1b_f1_t100_c100_r1_seq512_pred96_seed2_initseed12.txt,0.98371,0.45953
/home/nesl/oliver/timeSeriesMamba/TimeLLM/results/spectralUniTest/spectralUniTest_PJM_oil_heldout_l0_d32_e10_mLLAMA3.2_n1b_f1_t100_c100_r1_seq512_pred96_seed2_initseed12.txt,1.00228,0.66366
/home/nesl/oliver/timeSeriesMamba/TimeLLM/results/uniSynthPSD_eval/testing_uniSynthPSD_l0_d32_e10_mLLAMA3.2_n1b_f1_t100_c100_r1_h600_seq512_pred96_seed3_initseed12.txt,0.93879,0.314
/home/nesl/oliver/timeSeriesMamba/TimeLLM/results/spectralUniTest/spectralUniTest_CISO_solar_heldout_l0_d32_e10_mLLAMA3.2_n1b_f1_t100_c100_r1_seq512_pred96_seed2_initseed13.txt,0.70828,0.30375
/home/nesl/oliver/timeSeriesMamba/TimeLLM/results/uniSynthPSD_eval/testing_uniSynthPSD_l0_d32_e10_mLLAMA3.2_n1b_f1_t100_c100_r1_h600_seq512_pred96_seed3_initseed13.txt,0.92054,0.314
/home/nesl/oliver/timeSeriesMamba/TimeLLM/results/spectralUniTest/spectralUniTest_PJM_nat_gas_heldout_l0_d32_e10_mLLAMA3.2_n1b_f1_t100_c100_r1_seq512_pred96_seed2_initseed12.txt,0.88227,0.46377
/home/nesl/oliver/timeSeriesMamba/TimeLLM/results/uniSynthPSD_eval/testing_uniSynthPSD_l0_d32_e10_mLLAMA3.2_n1b_f1_t100_c100_r1_h700_seq512_pred96_seed1_initseed11.txt,1.08967,0.26986
/home/nesl/oliver/timeSeriesMamba/TimeLLM/results/uniSynthPSD_eval/testing_uniSynthPSD_l0_d32_e10_mLLAMA3.2_n1b_f1_t100_c100_r1_h700_seq512_pred96_seed1_initseed12.txt,1.0763,0.26986
/home/nesl/oliver/timeSeriesMamba/TimeLLM/results/uniSynthPSD_eval/testing_uniSynthPSD_l0_d32_e10_mLLAMA3.2_n1b_f1_t100_c100_r1_h700_seq512_pred96_seed1_initseed13.txt,1.08799,0.26986
/home/nesl/oliver/timeSeriesMamba/TimeLLM/results/spectralUniTest/spectralUniTest_SWPP_nat_gas_heldout_l0_d32_e10_mLLAMA3.2_n1b_f1_t100_c100_r1_seq512_pred96_seed2_initseed13.txt,1.00661,0.45953
/home/nesl/oliver/timeSeriesMamba/TimeLLM/results/uniSynthPSD_eval/testing_uniSynthPSD_l0_d32_e10_mLLAMA3.2_n1b_f1_t100_c100_r1_h700_seq512_pred96_seed2_initseed11.txt,1.1045,0.26986
/home/nesl/oliver/timeSeriesMamba/TimeLLM/results/spectralUniTest/spectralUniTest_CISO_solar_heldout_l0_d32_e10_mLLAMA3.2_n1b_f1_t100_c100_r1_seq512_pred96_seed3_initseed11.txt,0.79159,0.30375
/home/nesl/oliver/timeSeriesMamba/TimeLLM/results/spectralUniTest/spectralUniTest_PJM_oil_heldout_l0_d32_e10_mLLAMA3.2_n1b_f1_t100_c100_r1_seq512_pred96_seed2_initseed13.txt,1.04524,0.66366
/home/nesl/oliver/timeSeriesMamba/TimeLLM/results/uniSynthPSD_eval/testing_uniSynthPSD_l0_d32_e10_mLLAMA3.2_n1b_f1_t100_c100_r1_h700_seq512_pred96_seed2_initseed12.txt,1.09054,0.26986
/home/nesl/oliver/timeSeriesMamba/TimeLLM/results/uniSynthPSD_eval/testing_uniSynthPSD_l0_d32_e10_mLLAMA3.2_n1b_f1_t100_c100_r1_h700_seq512_pred96_seed2_initseed13.txt,1.0827,0.26986
/home/nesl/oliver/timeSeriesMamba/TimeLLM/results/spectralUniTest/spectralUniTest_PJM_nat_gas_heldout_l0_d32_e10_mLLAMA3.2_n1b_f1_t100_c100_r1_seq512_pred96_seed2_initseed13.txt,0.88826,0.46377
/home/nesl/oliver/timeSeriesMamba/TimeLLM/results/uniSynthPSD_eval/testing_uniSynthPSD_l0_d32_e10_mLLAMA3.2_n1b_f1_t100_c100_r1_h700_seq512_pred96_seed3_initseed11.txt,1.10352,0.26986
/home/nesl/oliver/timeSeriesMamba/TimeLLM/results/uniSynthPSD_eval/testing_uniSynthPSD_l0_d32_e10_mLLAMA3.2_n1b_f1_t100_c100_r1_h700_seq512_pred96_seed3_initseed12.txt,1.10011,0.26986
/home/nesl/oliver/timeSeriesMamba/TimeLLM/results/spectralUniTest/spectralUniTest_SWPP_nat_gas_heldout_l0_d32_e10_mLLAMA3.2_n1b_f1_t100_c100_r1_seq512_pred96_seed3_initseed11.txt,1.01365,0.45953
/home/nesl/oliver/timeSeriesMamba/TimeLLM/results/uniSynthPSD_eval/testing_uniSynthPSD_l0_d32_e10_mLLAMA3.2_n1b_f1_t100_c100_r1_h700_seq512_pred96_seed3_initseed13.txt,1.09764,0.26986
/home/nesl/oliver/timeSeriesMamba/TimeLLM/results/spectralUniTest/spectralUniTest_CISO_solar_heldout_l0_d32_e10_mLLAMA3.2_n1b_f1_t100_c100_r1_seq512_pred96_seed3_initseed12.txt,0.80708,0.30375
/home/nesl/oliver/timeSeriesMamba/TimeLLM/results/spectralUniTest/spectralUniTest_PJM_oil_heldout_l0_d32_e10_mLLAMA3.2_n1b_f1_t100_c100_r1_seq512_pred96_seed3_initseed11.txt,1.06436,0.66366
/home/nesl/oliver/timeSeriesMamba/TimeLLM/results/uniSynthPSD_eval/testing_uniSynthPSD_l0_d32_e10_mLLAMA3.2_n1b_f1_t100_c100_r1_h800_seq512_pred96_seed1_initseed11.txt,0.88671,0.27642
/home/nesl/oliver/timeSeriesMamba/TimeLLM/results/uniSynthPSD_eval/testing_uniSynthPSD_l0_d32_e10_mLLAMA3.2_n1b_f1_t100_c100_r1_h800_seq512_pred96_seed1_initseed12.txt,0.87282,0.27642
/home/nesl/oliver/timeSeriesMamba/TimeLLM/results/uniSynthPSD_eval/testing_uniSynthPSD_l0_d32_e10_mLLAMA3.2_n1b_f1_t100_c100_r1_h800_seq512_pred96_seed1_initseed13.txt,0.87118,0.27642
/home/nesl/oliver/timeSeriesMamba/TimeLLM/results/spectralUniTest/spectralUniTest_PJM_nat_gas_heldout_l0_d32_e10_mLLAMA3.2_n1b_f1_t100_c100_r1_seq512_pred96_seed3_initseed11.txt,0.89614,0.46377
/home/nesl/oliver/timeSeriesMamba/TimeLLM/results/uniSynthPSD_eval/testing_uniSynthPSD_l0_d32_e10_mLLAMA3.2_n1b_f1_t100_c100_r1_h800_seq512_pred96_seed2_initseed11.txt,0.88736,0.27642
/home/nesl/oliver/timeSeriesMamba/TimeLLM/results/spectralUniTest/spectralUniTest_SWPP_nat_gas_heldout_l0_d32_e10_mLLAMA3.2_n1b_f1_t100_c100_r1_seq512_pred96_seed3_initseed12.txt,1.01071,0.45953
/home/nesl/oliver/timeSeriesMamba/TimeLLM/results/uniSynthPSD_eval/testing_uniSynthPSD_l0_d32_e10_mLLAMA3.2_n1b_f1_t100_c100_r1_h800_seq512_pred96_seed2_initseed12.txt,0.84897,0.27642
/home/nesl/oliver/timeSeriesMamba/TimeLLM/results/spectralUniTest/spectralUniTest_CISO_solar_heldout_l0_d32_e10_mLLAMA3.2_n1b_f1_t100_c100_r1_seq512_pred96_seed3_initseed13.txt,0.9108,0.30375
/home/nesl/oliver/timeSeriesMamba/TimeLLM/results/spectralUniTest/spectralUniTest_PJM_oil_heldout_l0_d32_e10_mLLAMA3.2_n1b_f1_t100_c100_r1_seq512_pred96_seed3_initseed12.txt,1.0717,0.66366
/home/nesl/oliver/timeSeriesMamba/TimeLLM/results/uniSynthPSD_eval/testing_uniSynthPSD_l0_d32_e10_mLLAMA3.2_n1b_f1_t100_c100_r1_h800_seq512_pred96_seed2_initseed13.txt,0.86577,0.27642
/home/nesl/oliver/timeSeriesMamba/TimeLLM/results/uniSynthPSD_eval/testing_uniSynthPSD_l0_d32_e10_mLLAMA3.2_n1b_f1_t100_c100_r1_h800_seq512_pred96_seed3_initseed11.txt,0.8559,0.27642
/home/nesl/oliver/timeSeriesMamba/TimeLLM/results/uniSynthPSD_eval/testing_uniSynthPSD_l0_d32_e10_mLLAMA3.2_n1b_f1_t100_c100_r1_h800_seq512_pred96_seed3_initseed12.txt,0.87609,0.27642
/home/nesl/oliver/timeSeriesMamba/TimeLLM/results/spectralUniTest/spectralUniTest_PJM_nat_gas_heldout_l0_d32_e10_mLLAMA3.2_n1b_f1_t100_c100_r1_seq512_pred96_seed3_initseed12.txt,0.89158,0.46377
/home/nesl/oliver/timeSeriesMamba/TimeLLM/results/uniSynthPSD_eval/testing_uniSynthPSD_l0_d32_e10_mLLAMA3.2_n1b_f1_t100_c100_r1_h800_seq512_pred96_seed3_initseed13.txt,0.89699,0.27642
/home/nesl/oliver/timeSeriesMamba/TimeLLM/results/spectralUniTest/spectralUniTest_SWPP_nat_gas_heldout_l0_d32_e10_mLLAMA3.2_n1b_f1_t100_c100_r1_seq512_pred96_seed3_initseed13.txt,1.01933,0.45953
/home/nesl/oliver/timeSeriesMamba/TimeLLM/results/fitbit_eval/test_fitbit_hr_high_heldout_l0_d32_e10_mLLAMA3.2_n1b_f1_t100_c100_r1_seq512_pred96_seed1_initseed11.txt,0.77533,0.49108
/home/nesl/oliver/timeSeriesMamba/TimeLLM/results/spectralUniTest/spectralUniTest_PJM_oil_heldout_l0_d32_e10_mLLAMA3.2_n1b_f1_t100_c100_r1_seq512_pred96_seed3_initseed13.txt,1.0911,0.66366
/home/nesl/oliver/timeSeriesMamba/TimeLLM/results/fitbit_eval/test_fitbit_hr_medium_heldout_l0_d32_e10_mLLAMA3.2_n1b_f1_t100_c100_r1_seq512_pred96_seed1_initseed11.txt,0.59321,0.35619
