file,path,model,dataset,seed,epochs_tag,f_tag,t_tag,c_tag,seq_len,pred_len,mae_loss,mae,mse,mape,mspe,rmse,train_loss,vali_loss,test_loss,actual_epochs
DLinear_ETTh1_e10_f1_t100_c100_seq512_pred336_seed5.txt,results/ETTh1/DLinear_ETTh1_e10_f1_t100_c100_seq512_pred336_seed5.txt,DLinear,ETTh1,5,10,1,100,100,512,336,0.43885,0.4397,0.43661,8.49099,28830.54423,0.66076,0.41702,1.07285,0.43602,
DLinear_ETTh1_e10_f1_t100_c100_seq512_pred96_seed9.txt,results/ETTh1/DLinear_ETTh1_e10_f1_t100_c100_seq512_pred96_seed9.txt,DLinear,ETTh1,9,10,1,100,100,512,96,0.39517,0.41272,0.38433,8.95459,34128.31472,0.61995,0.33296,0.66452,0.37154,4.0
DLinear_ETTh1_e10_f1_t100_c100_seq512_pred336_seed10.txt,results/ETTh1/DLinear_ETTh1_e10_f1_t100_c100_seq512_pred336_seed10.txt,DLinear,ETTh1,10,10,1,100,100,512,336,0.43771,0.44752,0.44375,8.52928,28594.99623,0.66615,0.41749,1.07405,0.43492,8.0
DLinear_ETTh1_e10_f1_t100_c100_seq512_pred336_seed4.txt,results/ETTh1/DLinear_ETTh1_e10_f1_t100_c100_seq512_pred336_seed4.txt,DLinear,ETTh1,4,10,1,100,100,512,336,0.43995,0.459,0.45397,8.66061,28546.72519,0.67377,0.41899,1.08278,0.43736,6.0
DLinear_ETTh1_e10_f1_t100_c100_seq512_pred96_seed7.txt,results/ETTh1/DLinear_ETTh1_e10_f1_t100_c100_seq512_pred96_seed7.txt,DLinear,ETTh1,7,10,1,100,100,512,96,0.39173,0.39403,0.36958,8.61573,33859.85648,0.60793,0.32642,0.64977,0.36785,
DLinear_ETTh1_e10_f1_t100_c100_seq512_pred96_seed3.txt,results/ETTh1/DLinear_ETTh1_e10_f1_t100_c100_seq512_pred96_seed3.txt,DLinear,ETTh1,3,10,1,100,100,512,96,0.39188,0.39251,0.36861,8.68165,34476.87557,0.60713,0.32641,0.64944,0.36797,
DLinear_ETTh1_e10_f1_t100_c100_seq512_pred336_seed1.txt,results/ETTh1/DLinear_ETTh1_e10_f1_t100_c100_seq512_pred336_seed1.txt,DLinear,ETTh1,1,10,1,100,100,512,336,0.43481,0.47106,0.47025,8.81259,29436.77417,0.68575,0.42097,1.09358,0.43258,5.0
DLinear_ETTh1_e10_f1_t100_c100_seq512_pred336_seed7.txt,results/ETTh1/DLinear_ETTh1_e10_f1_t100_c100_seq512_pred336_seed7.txt,DLinear,ETTh1,7,10,1,100,100,512,336,0.43856,0.4425,0.43941,8.55076,29178.21494,0.66288,0.41747,1.07429,0.43563,8.0
DLinear_ETTh1_e10_f1_t100_c100_seq512_pred720_seed4.txt,results/ETTh1/DLinear_ETTh1_e10_f1_t100_c100_seq512_pred720_seed4.txt,DLinear,ETTh1,4,10,1,100,100,512,720,0.49102,0.50631,0.49482,10.0627,36730.23516,0.70343,0.49307,1.23577,0.47575,6.0
DLinear_ETTh1_e10_f1_t100_c100_seq512_pred192_seed3.txt,results/ETTh1/DLinear_ETTh1_e10_f1_t100_c100_seq512_pred192_seed3.txt,DLinear,ETTh1,3,10,1,100,100,512,192,0.41497,0.41561,0.4039,8.45089,30258.95537,0.63553,0.37328,0.87211,0.40349,
DLinear_ETTh1_e10_f1_t100_c100_seq512_pred336_seed3.txt,results/ETTh1/DLinear_ETTh1_e10_f1_t100_c100_seq512_pred336_seed3.txt,DLinear,ETTh1,3,10,1,100,100,512,336,0.43801,0.44366,0.44018,8.68094,29458.85058,0.66346,0.4181,1.07985,0.43551,7.0
DLinear_ETTh1_e10_f1_t100_c100_seq512_pred336_seed9.txt,results/ETTh1/DLinear_ETTh1_e10_f1_t100_c100_seq512_pred336_seed9.txt,DLinear,ETTh1,9,10,1,100,100,512,336,0.43796,0.46137,0.45792,8.74286,28977.54602,0.6767,0.41797,1.08026,0.43565,7.0
DLinear_ETTh1_e10_f1_t100_c100_seq512_pred192_seed7.txt,results/ETTh1/DLinear_ETTh1_e10_f1_t100_c100_seq512_pred192_seed7.txt,DLinear,ETTh1,7,10,1,100,100,512,192,0.42169,0.43598,0.42122,8.76085,30852.57339,0.64901,0.38031,0.86002,0.40839,4.0
DLinear_ETTh1_e10_f1_t100_c100_seq512_pred192_seed8.txt,results/ETTh1/DLinear_ETTh1_e10_f1_t100_c100_seq512_pred192_seed8.txt,DLinear,ETTh1,8,10,1,100,100,512,192,0.41514,0.42101,0.40743,8.55703,30331.78351,0.6383,0.37418,0.87289,0.40373,7.0
DLinear_ETTh1_e10_f1_t100_c100_seq512_pred96_seed4.txt,results/ETTh1/DLinear_ETTh1_e10_f1_t100_c100_seq512_pred96_seed4.txt,DLinear,ETTh1,4,10,1,100,100,512,96,0.39179,0.39603,0.37094,8.55866,33400.30193,0.60905,0.32641,0.64967,0.36785,10.0
DLinear_ETTh1_e10_f1_t100_c100_seq512_pred192_seed1.txt,results/ETTh1/DLinear_ETTh1_e10_f1_t100_c100_seq512_pred192_seed1.txt,DLinear,ETTh1,1,10,1,100,100,512,192,0.41556,0.41971,0.40771,8.56206,30647.11721,0.63852,0.37369,0.87328,0.4041,8.0
DLinear_ETTh1_e10_f1_t100_c100_seq512_pred192_seed5.txt,results/ETTh1/DLinear_ETTh1_e10_f1_t100_c100_seq512_pred192_seed5.txt,DLinear,ETTh1,5,10,1,100,100,512,192,0.41525,0.4152,0.4036,8.49254,30551.08345,0.6353,0.3733,0.87096,0.4037,
DLinear_ETTh1_e10_f1_t100_c100_seq512_pred96_seed1.txt,results/ETTh1/DLinear_ETTh1_e10_f1_t100_c100_seq512_pred96_seed1.txt,DLinear,ETTh1,1,10,1,100,100,512,96,0.39278,0.39395,0.36917,8.87114,35465.80597,0.60759,0.32683,0.64729,0.36872,8.0
DLinear_ETTh1_e10_f1_t100_c100_seq512_pred96_seed2.txt,results/ETTh1/DLinear_ETTh1_e10_f1_t100_c100_seq512_pred96_seed2.txt,DLinear,ETTh1,2,10,1,100,100,512,96,0.39194,0.39619,0.37188,8.6442,34213.27552,0.60982,0.32728,0.65194,0.36808,7.0
DLinear_ETTh1_e10_f1_t100_c100_seq512_pred192_seed2.txt,results/ETTh1/DLinear_ETTh1_e10_f1_t100_c100_seq512_pred192_seed2.txt,DLinear,ETTh1,2,10,1,100,100,512,192,0.41428,0.41842,0.40621,8.46178,30203.12791,0.63735,0.3733,0.87388,0.40293,10.0
DLinear_ETTh1_e10_f1_t100_c100_seq512_pred336_seed6.txt,results/ETTh1/DLinear_ETTh1_e10_f1_t100_c100_seq512_pred336_seed6.txt,DLinear,ETTh1,6,10,1,100,100,512,336,0.43747,0.44321,0.43963,8.5451,28833.87273,0.66304,0.41753,1.07739,0.43478,8.0
DLinear_ETTh1_e10_f1_t100_c100_seq512_pred96_seed6.txt,results/ETTh1/DLinear_ETTh1_e10_f1_t100_c100_seq512_pred96_seed6.txt,DLinear,ETTh1,6,10,1,100,100,512,96,0.39217,0.3929,0.36889,8.73643,34557.92712,0.60736,0.32655,0.65064,0.36835,9.0
DLinear_ETTh1_e10_f1_t100_c100_seq512_pred720_seed8.txt,results/ETTh1/DLinear_ETTh1_e10_f1_t100_c100_seq512_pred720_seed8.txt,DLinear,ETTh1,8,10,1,100,100,512,720,0.49304,0.50061,0.48594,9.88831,35160.82073,0.69709,0.49122,1.22519,0.47793,9.0
DLinear_ETTh1_e10_f1_t100_c100_seq512_pred192_seed6.txt,results/ETTh1/DLinear_ETTh1_e10_f1_t100_c100_seq512_pred192_seed6.txt,DLinear,ETTh1,6,10,1,100,100,512,192,0.41673,0.42093,0.40818,8.58743,30704.21972,0.63889,0.37366,0.8659,0.40473,8.0
DLinear_ETTh1_e10_f1_t100_c100_seq512_pred96_seed10.txt,results/ETTh1/DLinear_ETTh1_e10_f1_t100_c100_seq512_pred96_seed10.txt,DLinear,ETTh1,10,10,1,100,100,512,96,0.39193,0.3952,0.37022,8.73343,34437.41398,0.60845,0.32684,0.65092,0.36825,8.0
DLinear_ETTh1_e10_f1_t100_c100_seq512_pred192_seed9.txt,results/ETTh1/DLinear_ETTh1_e10_f1_t100_c100_seq512_pred192_seed9.txt,DLinear,ETTh1,9,10,1,100,100,512,192,0.41465,0.41697,0.40438,8.48644,30374.69878,0.63591,0.37336,0.8722,0.40319,9.0
DLinear_ETTh1_e10_f1_t100_c100_seq512_pred96_seed8.txt,results/ETTh1/DLinear_ETTh1_e10_f1_t100_c100_seq512_pred96_seed8.txt,DLinear,ETTh1,8,10,1,100,100,512,96,0.39158,0.39497,0.37049,8.51646,33257.51464,0.60868,0.32653,0.65165,0.36784,9.0
DLinear_ETTh1_e10_f1_t100_c100_seq512_pred720_seed7.txt,results/ETTh1/DLinear_ETTh1_e10_f1_t100_c100_seq512_pred720_seed7.txt,DLinear,ETTh1,7,10,1,100,100,512,720,0.49351,0.49624,0.4815,9.82462,35179.85587,0.6939,0.49108,1.22465,0.47832,
DLinear_ETTh1_e10_f1_t100_c100_seq512_pred720_seed9.txt,results/ETTh1/DLinear_ETTh1_e10_f1_t100_c100_seq512_pred720_seed9.txt,DLinear,ETTh1,9,10,1,100,100,512,720,0.49334,0.51367,0.50487,10.1445,36868.95848,0.71054,0.49151,1.22554,0.4781,8.0
DLinear_ETTh1_e10_f1_t100_c100_seq512_pred96_seed5.txt,results/ETTh1/DLinear_ETTh1_e10_f1_t100_c100_seq512_pred96_seed5.txt,DLinear,ETTh1,5,10,1,100,100,512,96,0.39141,0.39287,0.36874,8.76353,34809.42384,0.60724,0.32638,0.65097,0.36759,10.0
DLinear_ETTh1_e10_f1_t100_c100_seq512_pred720_seed10.txt,results/ETTh1/DLinear_ETTh1_e10_f1_t100_c100_seq512_pred720_seed10.txt,DLinear,ETTh1,10,10,1,100,100,512,720,0.49386,0.5197,0.50942,10.12638,36346.12213,0.71374,0.49319,1.22858,0.47866,6.0
DLinear_ETTh1_e10_f1_t100_c100_seq512_pred720_seed2.txt,results/ETTh1/DLinear_ETTh1_e10_f1_t100_c100_seq512_pred720_seed2.txt,DLinear,ETTh1,2,10,1,100,100,512,720,0.49305,0.50619,0.49554,10.12654,36935.22905,0.70395,0.49156,1.22523,0.47779,8.0
DLinear_ETTh1_e10_f1_t100_c100_seq512_pred720_seed5.txt,results/ETTh1/DLinear_ETTh1_e10_f1_t100_c100_seq512_pred720_seed5.txt,DLinear,ETTh1,5,10,1,100,100,512,720,0.49582,0.49886,0.48403,9.77286,34796.81768,0.69573,0.49107,1.21925,0.48101,10.0
DLinear_ETTh1_e10_f1_t100_c100_seq512_pred336_seed2.txt,results/ETTh1/DLinear_ETTh1_e10_f1_t100_c100_seq512_pred336_seed2.txt,DLinear,ETTh1,2,10,1,100,100,512,336,0.43548,0.47632,0.47747,8.98451,30447.79662,0.69099,0.4245,1.10461,0.43297,4.0
DLinear_ETTh1_e10_f1_t100_c100_seq512_pred720_seed1.txt,results/ETTh1/DLinear_ETTh1_e10_f1_t100_c100_seq512_pred720_seed1.txt,DLinear,ETTh1,1,10,1,100,100,512,720,0.49737,0.50525,0.49365,10.12576,36924.88277,0.7026,0.49204,1.21819,0.48304,7.0
DLinear_ETTh1_e10_f1_t100_c100_seq512_pred192_seed4.txt,results/ETTh1/DLinear_ETTh1_e10_f1_t100_c100_seq512_pred192_seed4.txt,DLinear,ETTh1,4,10,1,100,100,512,192,0.41555,0.4175,0.4051,8.44253,29966.29549,0.63647,0.37345,0.8728,0.40403,9.0
DLinear_ETTh1_e10_f1_t100_c100_seq512_pred192_seed10.txt,results/ETTh1/DLinear_ETTh1_e10_f1_t100_c100_seq512_pred192_seed10.txt,DLinear,ETTh1,10,10,1,100,100,512,192,0.41513,0.42518,0.4131,8.57102,30217.01868,0.64273,0.37419,0.87159,0.40352,7.0
DLinear_ETTh1_e10_f1_t100_c100_seq512_pred720_seed6.txt,results/ETTh1/DLinear_ETTh1_e10_f1_t100_c100_seq512_pred720_seed6.txt,DLinear,ETTh1,6,10,1,100,100,512,720,0.48654,0.51469,0.50438,10.21014,37327.57662,0.7102,0.49312,1.24216,0.47027,6.0
DLinear_ETTh1_e10_f1_t100_c100_seq512_pred720_seed3.txt,results/ETTh1/DLinear_ETTh1_e10_f1_t100_c100_seq512_pred720_seed3.txt,DLinear,ETTh1,3,10,1,100,100,512,720,0.49387,0.49719,0.48269,9.86921,35473.82138,0.69476,0.49108,1.22409,0.47883,10.0
DLinear_ETTh1_e10_f1_t100_c100_seq512_pred336_seed8.txt,results/ETTh1/DLinear_ETTh1_e10_f1_t100_c100_seq512_pred336_seed8.txt,DLinear,ETTh1,8,10,1,100,100,512,336,0.43908,0.44204,0.43858,8.46455,28505.80517,0.66226,0.41711,1.07121,0.43609,
